title,genres
Super Mario 3D World + Bowser's Fury,"['Action', 'Platformer', '3D']"
Super Smash Bros. Ultimate: Sephiroth,"['Action', '2D', 'Fighting']"
Fitness Boxing 2: Rhythm & Exercise,"['Miscellaneous', 'Exercise / Fitness']"
Fire Emblem: Shadow Dragon & the Blade of Light,"['Strategy', 'Turn-Based', 'Tactics']"
Hyrule Warriors: Age of Calamity,"['Action', ""Beat-'Em-Up"", '3D']"
Pokemon Sword + Pokemon Sword Expansion Pass,"['Role-Playing', 'Trainer']"
Pokemon Shield + Pokemon Shield Expansion Pass,"['Role-Playing', 'Trainer']"
Pikmin 3 Deluxe,"['Strategy', 'Real-Time', 'General']"
Part Time UFO,"['Action', 'Arcade']"
Cadence of Hyrule: Crypt of the NecroDancer Featuring The Legend of Zelda - Complete Edition,"['Action', 'Rhythm', 'Music']"
Pokemon Sword / Shield: The Crown Tundra,"['Role-Playing', 'Trainer']"
Mario Kart Live: Home Circuit,"['Racing', 'Arcade', 'Automobile']"
Super Smash Bros. Ultimate: Steve & Alex,"['Action', 'Fighting', '2D']"
Mario Kart 8 Deluxe + Super Mario Party,"['Miscellaneous', 'Compilation']"
Super Mario Bros. 35,"['Action', 'Platformer', '2D']"
Cadence of Hyrule: Crypt of the NecroDancer Featuring The Legend of Zelda - DLC 3 Story Pack: Symphony of the Mask,"['Action', 'Rhythm', 'Music']"
Kirby Fighters 2,"['Action', 'Fighting', '2D']"
Super Mario 3D All-Stars,"['Miscellaneous', 'Compilation']"
Cadence of Hyrule: Crypt of the NecroDancer Featuring The Legend of Zelda - DLC 2 Melody Pack,"['Action', 'Rhythm', 'Music']"
Cadence of Hyrule: Crypt of the NecroDancer Featuring The Legend of Zelda - DLC 1 Character Pack,"['Action', 'Rhythm', 'Music']"
Paper Mario: The Origami King,"['Role-Playing', 'General']"
Super Smash Bros. Ultimate: Min Min,"['Action', 'Fighting', '2D']"
Pokemon Cafe Mix,"['Puzzle', 'Matching']"
Pokemon Sword / Shield: The Isle of Armor,"['Role-Playing', 'Trainer']"
Jump Rope Challenge,"['Action', 'General']"
Clubhouse Games: 51 Worldwide Classics,"['Miscellaneous', 'Party / Minigame']"
Xenoblade Chronicles: Definitive Edition,"['Role-Playing', 'Action RPG']"
Arcade Archives: Vs. Wrecking Crew,"['Action', 'Platformer', '2D']"
Marvel Ultimate Alliance 3: The Black Order - Expansion 3 - Fantastic Four: Shadow of Doom,"['Role-Playing', 'Action RPG']"
Good Job!,"['Action', 'General']"
Animal Crossing: New Horizons,"['Simulation', 'Virtual', 'Virtual Life']"
Pokemon Mystery Dungeon: Rescue Team DX,"['Role-Playing', 'Roguelike']"
Luigi's Mansion 3: Multiplayer Pack 1 & 2,"['Action Adventure', 'General']"
Fire Emblem: Three Houses - Side Story: Cindered Shadows,"['Strategy', 'Turn-Based', 'Tactics']"
Pokemon HOME,"['Miscellaneous', 'Application']"
Pokemon HOME,"['Miscellaneous', 'Application']"
Super Smash Bros. Ultimate: Byleth,"['Action', 'Fighting', '2D']"
Tokyo Mirage Sessions #FE Encore,"['Role-Playing', 'Japanese-Style']"
Dr. Kawashima's Brain Training for Nintendo Switch,"['Miscellaneous', 'Edutainment']"
Arcade Archives: Vs. Balloon Fight,"['Action', 'Arcade']"
Marvel Ultimate Alliance 3: The Black Order - Expansion 2: Rise of the Phoenix,"['Role-Playing', 'Action RPG']"
Pokemon Shield,"['Role-Playing', 'Trainer']"
Pokemon Sword,"['Role-Playing', 'Trainer']"
Pokemon Sword / Shield Dual Pack,"['Role-Playing', 'Trainer']"
Layton's Mystery Journey: Katrielle and The Millionaires' Conspiracy - Deluxe Edition,"['Puzzle', 'General']"
The Stretchers,"['Action', 'General']"
Super Smash Bros. Ultimate: Terry Bogard,"['Action', 'Fighting', '2D']"
Luigi's Mansion 3,"['Action Adventure', 'General']"
Ring Fit Adventure,"['Miscellaneous', 'Exercise / Fitness']"
Little Town Hero,"['Role-Playing', 'Japanese-Style']"
Marvel Ultimate Alliance 3: The Black Order - Expansion 1: Curse of the Vampire,"['Role-Playing', 'Action RPG']"
Dragon Quest XI S: Echoes of an Elusive Age - Definitive Edition,"['Role-Playing', 'Japanese-Style']"
Mario Kart Tour,"['Racing', 'Arcade', 'Automobile']"
The Legend of Zelda: Link's Awakening,"['Action Adventure', 'Open-World']"
Daemon X Machina,"['Simulation', 'Vehicle', 'Combat']"
Super Smash Bros. Ultimate: Banjo & Kazooie,"['Action', 'Fighting', '2D']"
Super Kirby Clash,"['Action', 'General']"
Arcade Archives: Pinball,"['Action', 'Pinball']"
Astral Chain,"['Action Adventure', 'General']"
Super Smash Bros. Ultimate: Hero,"['Action', 'Fighting', '2D']"
Fire Emblem: Three Houses,"['Strategy', 'Turn-Based', 'Tactics']"
Marvel Ultimate Alliance 3: The Black Order,"['Role-Playing', 'Action RPG']"
Dr. Mario World,"['Puzzle', 'Action']"
Arcade Archives: Clu Clu Land,"['Action', 'Arcade']"
Super Mario Maker 2,"['Action', 'Platformer', '2D']"
Cadence of Hyrule: Crypt of the NecroDancer Featuring The Legend of Zelda,"['Action', 'Rhythm', 'Music']"
Nintendo Labo: Toycon 04 VR Kit,"['Action', 'General']"
Tetris 99: Big Block,"['Puzzle', 'Stacking']"
BoxBoy! + BoxGirl!,"['Puzzle', 'Action']"
Super Smash Bros. Ultimate: Joker,"['Action', 'Fighting', '2D']"
Yoshi's Crafted World,"['Action', 'Platformer', '3D']"
Captain Toad: Treasure Tracker - Special Episode,"['Action', 'Platformer', '3D']"
Kirby's Extra Epic Yarn,"['Action', 'Platformer', '2D']"
Arcade Archives: Vs. Ice Climber,"['Action', 'Platformer', '2D']"
Tetris 99,"['Puzzle', 'Stacking']"
Daemon X Machina: Prototype Missions,"['Simulation', 'Vehicle', 'Combat']"
Yo-kai Watch 3,"['Role-Playing', 'Trainer']"
Super Smash Bros. Ultimate: Piranha Plant,"['Action', 'Fighting', '2D']"
Travis Strikes Again: No More Heroes,"['Action', ""Beat-'Em-Up"", '3D']"
Mario & Luigi: Bowser's Inside Story + Bowser Jr.'s Journey,"['Role-Playing', 'Japanese-Style']"
New Super Mario Bros. U Deluxe,"['Action', 'Platformer', '2D']"
Fitness Boxing,"['Miscellaneous', 'Exercise / Fitness']"
Super Smash Bros. Ultimate,"['Action', 'Fighting', '2D']"
"Pokemon: Let's Go, Eevee!","['Action RPG', 'Role-Playing', 'Trainer']"
"Pokemon: Let's Go, Pikachu!","['Action RPG', 'Role-Playing', 'Trainer']"
Arcade Archives: Urban Champion,"['Action', 'Fighting', '2D']"
The World Ends with You: Final Remix,"['Role-Playing', 'Action RPG']"
Luigi's Mansion,"['Action Adventure', 'General']"
Super Mario Party,"['Miscellaneous', 'Party / Minigame']"
Dragalia Lost,"['Role-Playing', 'General']"
Yo-kai Watch Blasters: Moon Rabbit Crew,"['Action', ""Beat-'Em-Up"", '3D']"
Arcade Archives: Excitebike,"['Racing', 'Arcade', 'Automobile']"
Xenoblade Chronicles 2: Torna ~ The Golden Country,"['Role-Playing', 'Action RPG']"
Nintendo Labo: Toycon 03 Vehicle Kit,"['Miscellaneous', 'Party / Minigame']"
Yo-kai Watch Blasters: Red Cat Corps,"['Action', ""Beat-'Em-Up"", '3D']"
Yo-kai Watch Blasters: White Dog Squad,"['Action', ""Beat-'Em-Up"", '3D']"
WarioWare Gold,"['Miscellaneous', 'Party / Minigame']"
Go Vacation,"['Miscellaneous', 'Party / Minigame']"
Xenoblade Chronicles 2: New Quests Pack 4,"['Role-Playing', 'Action RPG']"
Captain Toad: Treasure Tracker,"['Action', 'Platformer', '3D']"
Captain Toad: Treasure Tracker,"['Action', 'Platformer', '3D']"
Octopath Traveler,"['General', 'Role-Playing', 'Japanese-Style']"
Mario Tennis Aces,"['Sports', 'Individual', 'Tennis']"
Arcade Archives: Donkey Kong,"['Action', 'Platformer', '2D']"
Splatoon 2: Octo Expansion,"['Action', 'Shooter', 'Third-Person', 'Arcade']"
Xenoblade Chronicles 2: Battle Challenge Mode Pack,"['Role-Playing', 'Action RPG']"
Sushi Striker: The Way of Sushido,"['Puzzle', 'Matching']"
Sushi Striker: The Way of Sushido,"['Puzzle', 'Matching']"
Pokemon Quest,"['Role-Playing', 'Action RPG']"
Pokemon Quest,"['Role-Playing', 'Action RPG']"
Xenoblade Chronicles 2: New Quests Pack 3,"['Role-Playing', 'Action RPG']"
Dillon's Dead-Heat Breakers,"['Action', 'General']"
Hyrule Warriors: Definitive Edition,"['Action', ""Beat-'Em-Up"", '3D']"
Donkey Kong Country: Tropical Freeze,"['Action', 'Platformer', '2D']"
Nintendo Labo: Toycon 01 Variety Kit,"['Miscellaneous', 'Party / Minigame']"
Nintendo Labo: Toycon 02 Robot Kit,"['Miscellaneous', 'Party / Minigame']"
Arcade Archives: Punch-Out!,"['Sports', 'Individual', 'Combat', 'Boxing / Martial Arts']"
Xenoblade Chronicles 2: New Quests Pack 2,"['Role-Playing', 'Action RPG']"
Fire Emblem Warriors: Awakening Pack,"['Action', ""Beat-'Em-Up"", '3D']"
Detective Pikachu,"['Adventure', '3D', 'Third-Person']"
Kirby Star Allies,"['Action', 'Platformer', '2D']"
Kirby Star Allies Demo,"['Action', 'Platformer', '2D']"
Bayonetta + Bayonetta 2,"['Miscellaneous', 'Compilation']"
Bayonetta 2,"['Action Adventure', 'Linear']"
Bayonetta,"['Action Adventure', 'Linear']"
Fire Emblem Warriors: Shadow Dragon Pack,"['Action', ""Beat-'Em-Up"", '3D']"
Fire Emblem Warriors: Shadow Dragon Pack,"['Action', ""Beat-'Em-Up"", '3D']"
Dragon Quest Builders,"['Action Adventure', 'Sandbox']"
Pokken Tournament DX: Battle Pack,"['Action', 'Fighting', '3D']"
Xenoblade Chronicles 2: New Quests Pack 1,"['Role-Playing', 'Action RPG']"
Kirby Battle Royale,"['Miscellaneous', 'Party / Minigame']"
Style Savvy: Styling Star,"['Simulation', 'Virtual', 'Career']"
Arcade Archives: Vs. Super Mario Bros.,"['Action', 'Platformer', '2D']"
Fire Emblem Warriors: Fates Pack,"['Action', ""Beat-'Em-Up"", '3D']"
Fire Emblem Warriors: Fates Pack,"['Action', ""Beat-'Em-Up"", '3D']"
The Legend of Zelda: Breath of the Wild - The Champions' Ballad,"['Action Adventure', 'Open-World']"
The Legend of Zelda: Breath of the Wild - The Champions' Ballad,"['Action Adventure', 'Open-World']"
Xenoblade Chronicles 2,"['Role-Playing', 'Action RPG']"
Animal Crossing: Pocket Camp,"['Simulation', 'Virtual', 'Virtual Life']"
Pokemon Ultra Sun,"['Role-Playing', 'Trainer']"
Pokemon Ultra Moon,"['Role-Playing', 'Trainer']"
Pokemon Ultra Sun & Pokemon Ultra Moon Veteran Trainer's Dual Pack,"['Role-Playing', 'Trainer']"
Ittle Dew 2+,"['Role-Playing', 'Action Adventure', 'General', 'Action RPG']"
Mario Party: The Top 100,"['Miscellaneous', 'Party / Minigame']"
"Snipperclips Plus: Cut It Out, Together!","['Puzzle', 'General']"
Super Mario Odyssey,"['Action', 'Platformer', '3D']"
Fire Emblem Warriors,"['Action', ""Beat-'Em-Up"", '3D']"
Fire Emblem Warriors,"['Action', ""Beat-'Em-Up"", '3D']"
Layton's Mystery Journey: Katrielle and The Millionaires' Conspiracy,"['Puzzle', 'General']"
Mario & Luigi: Superstar Saga + Bowser's Minions,"['Role-Playing', 'Japanese-Style']"
Yo-kai Watch 2: Psychic Specters,"['Role-Playing', 'Trainer']"
Hive Jump,"['Action', 'Platformer', '2D']"
Monster Hunter Stories: The Legend of Zelda,"['Role-Playing', 'Action RPG', 'Japanese-Style']"
Arcade Archives: Mario Bros.,"['Action', 'Platformer', '2D']"
Dragon Ball: Xenoverse 2,"['Action', 'Fighting', '3D']"
Pokken Tournament DX,"['Action', 'Fighting', '3D']"
Metroid: Samus Returns,"['Action Adventure', 'Open-World']"
ARMS: Lola Pop,"['Action', 'Fighting', '3D']"
Monster Hunter Stories,"['Role-Playing', 'Action RPG', 'Japanese-Style']"
Sine Mora EX,"['Action', 'Shooter', ""Shoot-'Em-Up"", 'Horizontal']"
Hey! Pikmin,"['Action', 'Platformer', '2D']"
Miitopia,"['Action', 'General']"
Splatoon 2,"['Action', 'Shooter', 'Third-Person', 'Arcade']"
Layton's Mystery Journey: Katrielle and The Millionaire's Conspiracy,"['Puzzle', 'General']"
Miitopia: Casting Call,"['Miscellaneous', 'Application']"
ARMS: Max Brass,"['Action', 'Fighting', '3D']"
Flip Wars,"['Puzzle', 'General']"
Kirby's Blowout Blast,"['Action', 'General']"
The Legend of Zelda: Breath of the Wild - The Master Trials,"['Action Adventure', 'Open-World']"
The Legend of Zelda: Breath of the Wild - The Master Trials,"['Action Adventure', 'Open-World']"
Ever Oasis,"['Role-Playing', 'Action RPG']"
Fire Emblem Echoes: Shadows of Valentia - Cipher Legends I,"['Strategy', 'Turn-Based', 'Tactics']"
Fire Emblem Echoes: Shadows of Valentia - Cipher Legends II,"['Strategy', 'Turn-Based', 'Tactics']"
Fire Emblem Echoes: Shadows of Valentia - Cipher Companions Pack,"['Strategy', 'Turn-Based', 'Tactics']"
ARMS,"['Action', 'Sports', 'Fighting', 'Individual', '3D', 'Combat', 'Boxing / Martial Arts']"
Fire Emblem Echoes: Shadows of Valentia - Rise of the Deliverance Pack,"['Strategy', 'Turn-Based', 'Tactics']"
Fire Emblem Echoes: Shadows of Valentia - Flight from the Ruins,"['Strategy', 'Turn-Based', 'Tactics']"
Fire Emblem Echoes: Shadows of Valentia - Outpost Rescue,"['Strategy', 'Turn-Based', 'Tactics']"
Fire Emblem Echoes: Shadows of Valentia - Battle of Zofia Harbor,"['Strategy', 'Turn-Based', 'Tactics']"
Fire Emblem Echoes: Shadows of Valentia - Siege of Zofia Castle,"['Strategy', 'Turn-Based', 'Tactics']"
ARMS: Global Testpunch,"['Action', 'Fighting', '3D']"
Fire Emblem Echoes: Shadows of Valentia - Undaunted Heroes Pack,"['Strategy', 'Turn-Based', 'Tactics']"
Fire Emblem Echoes: Shadows of Valentia - Inner Sanctum,"['Strategy', 'Turn-Based', 'Tactics']"
Fire Emblem Echoes: Shadows of Valentia - Lords of the Grave,"['Strategy', 'Turn-Based', 'Tactics']"
Fire Emblem Echoes: Shadows of Valentia - Lost Altars Pack,"['Strategy', 'Turn-Based', 'Tactics']"
Fire Emblem Echoes: Shadows of Valentia - Wealth Before Health,"['Strategy', 'Turn-Based', 'Tactics']"
Fire Emblem Echoes: Shadows of Valentia,"['Strategy', 'Turn-Based', 'Tactics']"
Fire Emblem Echoes: Shadows of Valentia - Fledging Warriors Pack,"['Strategy', 'Turn-Based', 'Tactics']"
Fire Emblem Echoes: Shadows of Valentia - The Astral Temple,"['Strategy', 'Turn-Based', 'Tactics']"
Fire Emblem Echoes: Shadows of Valentia - Wretches and Riches,"['Strategy', 'Turn-Based', 'Tactics']"
Fire Emblem Echoes: Shadows of Valentia - Band of Bandages,"['Strategy', 'Turn-Based', 'Tactics']"
Mario Kart 8 Deluxe,"['Other', 'Racing', 'Arcade', 'Automobile']"
BYE-BYE BOXBOY!,"['Puzzle', 'Action']"
Team Kirby Clash Deluxe,"['Action', 'Miscellaneous', 'General', 'Party / Minigame']"
Mario Sports Superstars,"['Sports', 'General']"
Splatoon 2: Global Testfire,"['Action', 'Shooter', 'Third-Person', 'Arcade']"
The Legend of Zelda: Breath of the Wild,"['Fantasy', 'Fantasy', 'Action Adventure', 'Open-World']"
The Legend of Zelda: Breath of the Wild,"['Action Adventure', 'Open-World']"
1-2-Switch,"['Miscellaneous', 'Party / Minigame']"
"Snipperclips - Cut it out, together!","['Puzzle', 'General']"
Tank Troopers,"['Simulation', 'Vehicle', 'Combat']"
Poochy & Yoshi's Woolly World,"['Action', 'Platformer', '2D']"
Fire Emblem Heroes,"['Role-Playing', 'Strategy', 'Turn-Based', 'General', 'Tactics']"
Dragon Quest VIII: Journey of the Cursed King,"['Role-Playing', 'Japanese-Style']"
Super Mario Run,"['Action', 'Platformer', '2D']"
Excitebots: Trick Racing,"['Racing', 'Arcade', 'Automobile']"
Animal Crossing: New Leaf - Welcome Amiibo,"['Simulation', 'Virtual', 'Virtual Life']"
Super Mario Maker for Nintendo 3DS,"['Action', 'Platformer', '2D']"
Pokemon Sun,"['Role-Playing', 'Trainer']"
Pokemon Moon,"['Role-Playing', 'Trainer']"
Pokemon Sun and Moon Dual Pack,"['Role-Playing', 'Trainer']"
Swapdoodle,"['Miscellaneous', 'Application']"
Mario Party: Star Rush,"['Miscellaneous', 'Party / Minigame']"
Hyrule Warriors Legends: A Link Between Worlds Pack,"['Action', ""Beat-'Em-Up"", '3D']"
Pokemon Sun and Pokemon Moon Special Demo Version,"['Role-Playing', 'Trainer']"
Disney Magical World 2,"['Simulation', 'Virtual', 'Virtual Life']"
Paper Mario: Color Splash,"['Role-Playing', 'Japanese-Style']"
Yo-kai Watch 2: Bony Spirits,"['Role-Playing', 'Trainer']"
Yo-kai Watch 2: Fleshy Souls,"['Role-Playing', 'Trainer']"
Dragon Quest VII: Fragments of the Forgotten Past,"['Role-Playing', 'Japanese-Style']"
Picross 3D: Round 2,"['Puzzle', 'Logic']"
Hyrule Warriors Legends: Phantom Hourglass & Spirit Tracks Pack,"['Action', ""Beat-'Em-Up"", '3D']"
Metroid Prime: Federation Force,"['Action', 'Shooter', 'First-Person', 'Arcade']"
Style Savvy: Fashion Forward,"['Simulation', 'Virtual', 'Career']"
Metroid Prime: Blast Ball,"['Action', 'Shooter', 'First-Person', 'Arcade']"
Pokemon GO,"['Role-Playing', 'Trainer']"
Teddy Together,"['Action', 'General']"
BoxBoxBoy!,"['Puzzle', 'Action']"
Hyrule Warriors Legends: Link's Awakening Pack,"['Action', ""Beat-'Em-Up"", '3D']"
Tokyo Mirage Sessions #FE,"['General', 'Fantasy', 'Role-Playing', 'Strategy', 'Turn-Based', 'Japanese-Style', 'General']"
Mario & Sonic at the Rio 2016 Olympic Games,"['Sports', 'Individual', 'Athletics']"
Tokyo Mirage Sessions #FE - EXPedition Hunter,"['Role-Playing', 'Japanese-Style']"
Tokyo Mirage Sessions #FE - Masterful Hunter,"['Role-Playing', 'Japanese-Style']"
Tokyo Mirage Sessions #FE - Savage Hunter,"['Role-Playing', 'Japanese-Style']"
Tokyo Mirage Sessions #FE - Tokyo Millennium Collection,"['Role-Playing', 'Japanese-Style']"
Rhythm Heaven Megamix,"['Action', 'Rhythm', 'Music']"
Kirby: Planet Robobot,"['Action', 'Platformer', '2D']"
Team Kirby Clash,"['Action', 'Fighting', '2D']"
Hyrule Warriors Legends: Master Wind Waker Pack,"['Action', ""Beat-'Em-Up"", '3D']"
Disney Art Academy,"['Miscellaneous', 'Edutainment', 'Application']"
Pocket Card Jockey,"['Miscellaneous', 'Board / Card Game']"
Star Fox Zero,"['Action', 'Third-Person', 'Shooter', 'Modern', 'Rail', 'Simulation', 'Space', 'Combat']"
Star Fox Guard,"['Action', 'First-Person', 'Sci-Fi', 'Shooter', 'Strategy', 'Real-Time', 'Defense']"
Star Fox Zero Double Pack,"['Miscellaneous', 'Compilation']"
Bravely Second: End Layer,"['Role-Playing', 'Japanese-Style']"
Miitomo,"['Simulation', 'Virtual', 'Virtual Life']"
My Nintendo Picross - The Legend of Zelda: Twilight Princess,"['Puzzle', 'Logic']"
Hyrule Warriors Legends,"['Action', ""Beat-'Em-Up"", '3D']"
Mini-Mario & Friends: amiibo Challenge,"['Puzzle', 'Action']"
Mini-Mario & Friends: amiibo Challenge,"['Puzzle', 'Action']"
Mario & Sonic at the Rio 2016 Olympic Games,"['Sports', 'Individual', 'Athletics']"
Pokken Tournament,"['Action', 'Fighting', '3D']"
Fire Emblem Fates: Revelation,"['Strategy', 'Turn-Based', 'Tactics']"
The Legend of Zelda: Twilight Princess HD,"['Action Adventure', 'General', 'Open-World']"
Fire Emblem Fates: Conquest,"['Fantasy', 'Strategy', 'Turn-Based', 'Tactics']"
Fire Emblem Fates: Birthright,"['Strategy', 'Turn-Based', 'Tactics']"
Fire Emblem Fates: Special Edition,"['Strategy', 'Turn-Based', 'Tactics']"
Mario & Luigi: Paper Jam,"['Role-Playing', 'Japanese-Style']"
Xenoblade Chronicles X,"['Action RPG', 'Role-Playing', 'Action RPG']"
Pokemon Picross,"['Miscellaneous', 'General', 'Puzzle', 'Logic']"
Pokemon Super Mystery Dungeon,"['Role-Playing', 'Roguelike']"
Mario Tennis: Ultra Smash,"['Sports', 'Individual', 'Tennis']"
Animal Crossing: amiibo Festival,"['Miscellaneous', 'Board / Card Game']"
Nintendo Badge Arcade,"['Miscellaneous', 'General']"
Yo-kai Watch,"['Japanese-Style', 'Role-Playing', 'Trainer']"
The Legend of Zelda: Tri Force Heroes,"['Action Adventure', 'Open-World']"
Fatal Frame: Maiden of Black Water,"['Action', 'General', 'Horror', 'Action Adventure', 'Survival']"
Yoshi's Woolly World,"['Action Adventure', 'Platformer', '2D', 'Fantasy', 'Action', 'Platformer', '2D']"
Chibi-Robo! Zip Lash,"['Action', 'Platformer', '2D']"
Animal Crossing: Happy Home Designer,"['Simulation', 'Virtual', 'Career']"
Super Mario Maker,"['Action', 'Platformer', '2D']"
Pokemon Shuffle Mobile,"['Puzzle', 'Matching']"
Devil's Third,"['Action Adventure', 'General', 'Modern', 'Action', 'Shooter', 'Third-Person', 'Arcade']"
LBX: Little Battlers eXperience,"['Action', 'Role-Playing', 'General', 'Action RPG']"
Art Academy: Home Studio,"['Miscellaneous', 'Edutainment']"
Earthbound Beginnings,"['Role-Playing', 'Japanese-Style']"
Smash Controller,"['Miscellaneous', 'Application']"
Dr. Mario: Miracle Cure,"['Puzzle', 'Stacking']"
Splatoon,"['Fantasy', 'Action', 'Shooter', 'Third-Person', 'Arcade']"
Puzzle & Dragons Z + Puzzle & Dragons: Super Mario Bros. Edition,"['Miscellaneous', 'Compilation']"
Stretchmo,"['Puzzle', 'Action']"
amiibo Tap: Nintendo's Greatest Bits,"['Miscellaneous', 'Application']"
Super Smash Bros. for Nintendo 3DS / Wii U: Mewtwo,"['Action', 'Fighting', '2D']"
Super Smash Bros. for Nintendo 3DS / Wii U: Mewtwo,"['Action', 'Fighting', '2D']"
Mario Kart 8 DLC Pack 2,"['Driving', 'Kart', 'Racing', 'Arcade', 'Automobile']"
Xenoblade Chronicles 3D,"['Role-Playing', 'Action RPG']"
Pokemon Rumble World,"['Action', 'General', ""Beat-'Em-Up"", '3D']"
BOXBOY!,"['Puzzle', 'Action']"
Mario Party 10,"['Party', 'Miscellaneous', 'Party / Minigame']"
Fossil Fighters: Frontier,"['Role-Playing', 'General', 'Trainer']"
Code Name: S.T.E.A.M.,
Hyrule Warriors: Boss Pack,"['Action', ""Beat-'Em-Up"", '3D']"
Mario vs. Donkey Kong: Tipping Stars,"['Puzzle', 'Action', 'Platformer', '2D']"
Mario vs. Donkey Kong: Tipping Stars,"['Puzzle', 'Action', 'Platformer', '2D']"
Kirby and the Rainbow Curse,"['Action', 'Platformer', '2D']"
Pokemon Shuffle,"['Puzzle', 'Matching']"
The Legend of Zelda: Majora's Mask 3D,"['Fantasy', 'Action Adventure', 'Open-World']"
Flipnote Studio 3D,"['Miscellaneous', 'General', 'General', 'Application']"
Hyrule Warriors: Majora's Mask Pack,"['Action', ""Beat-'Em-Up"", '3D']"
Captain Toad: Treasure Tracker,"['Action', 'Platformer', '3D']"
NES Remix Pack,"['Miscellaneous', 'Compilation']"
Hyrule Warriors: Twilight Princess Pack,"['Action', ""Beat-'Em-Up"", '3D']"
Super Smash Bros. for Wii U,"['Action', 'Fighting', 'Fighting', '3D', '2D', '2D', '3D']"
Pokemon Alpha Sapphire,"['Role-Playing', 'Console-style RPG', 'Japanese-Style', 'Trainer']"
Pokemon Omega Ruby,"['Role-Playing', 'Console-style RPG', 'Japanese-Style', 'Trainer']"
Pokemon Omega Ruby/Alpha Sapphire Double Pack,"['Role-Playing', 'Console-style RPG', 'Japanese-Style', 'Trainer']"
Mario Kart 8 DLC Pack 1,"['Driving', 'Racing', 'Arcade', 'Kart', 'Automobile']"
Ultimate NES Remix,"['Miscellaneous', 'General']"
Pokemon Art Academy,"['Miscellaneous', 'General', 'Edutainment']"
Bayonetta,"['Action', 'Fantasy', ""Beat-'Em-Up"", 'Action Adventure', 'Linear']"
Fantasy Life,"['Role-Playing', 'General']"
Bayonetta + Bayonetta 2,"['Miscellaneous', 'Compilation']"
Hyrule Warriors: Master Quest Pack,"['Action', ""Beat-'Em-Up"", '3D']"
Super Smash Bros. for Nintendo 3DS,"['Fighting', '3D', '2D', 'Action', 'Fighting', '2D', '3D']"
Hyrule Warriors,"['Action', ""Beat-'Em-Up"", '3D']"
Bayonetta 2,"['Action Adventure', 'Fantasy', 'Fantasy', 'Linear']"
Professor Layton VS Phoenix Wright Ace Attorney,"['General', 'Puzzle', 'Miscellaneous', 'Puzzle', 'General']"
Dedede's Drum Dash Deluxe,"['Action', 'Miscellaneous', 'Rhythm', 'Music']"
Kirby Fighters Deluxe,"['Action', 'Fighting', '2D']"
The Mysterious Murasame Castle,"['Action', 'General']"
Pushmo World,"['Miscellaneous', 'Puzzle', 'Action', 'Logic']"
Inazuma Eleven Go: Shadow,"['Sports', 'Traditional', 'Soccer', 'Arcade']"
Inazuma Eleven Go: Light,"['Sports', 'Traditional', 'Soccer', 'Arcade']"
Tomodachi Life,"['Simulation', 'Miscellaneous', 'General', 'Virtual', 'Virtual Life']"
Mario Kart 8,"['Driving', 'Racing', 'Arcade', 'Kart', 'Kart', 'Automobile']"
Photos with Mario,"['Miscellaneous', 'General']"
Kirby: Triple Deluxe,"['General', 'General', 'Action', 'Platformer', '2D']"
Mario Golf: World Tour,"['Sports', 'Traditional', 'Individual', 'Golf', 'Arcade', 'Arcade']"
NES Remix 2,"['Miscellaneous', 'General']"
Nintendo Pocket Football Club,"['Sports', 'Traditional', 'Soccer', 'Arcade']"
Disney Magical World,"['Simulation', 'Miscellaneous', 'General', 'Virtual', 'Virtual Life']"
Rusty's Real Deal Baseball,"['Action', 'General']"
Pokemon Battle Trozei,"['Miscellaneous', 'Puzzle', 'Matching']"
Yoshi's New Island,"['Action', 'Platformer', '2D']"
Professor Layton and the Azran Legacy,"['General', 'Logic', 'Puzzle', 'Miscellaneous', 'Puzzle', 'General']"
Donkey Kong Country: Tropical Freeze,"['Platformer', '2D', 'Action', 'Platformer', '2D']"
Inazuma Eleven 3: Team Ogre Attacks!,"['Sports', 'Traditional', 'Soccer', 'Arcade']"
Steel Diver: Sub Wars,"['Simulation', 'Submarine', 'Marine', 'Combat']"
Bravely Default,"['Console-style RPG', 'Role-Playing', 'Console-style RPG', 'Japanese-Style']"
Poke Transporter,"['Miscellaneous', 'General', 'Application']"
Pokemon Bank,"['Miscellaneous', 'General']"
Chibi-Robo! Photo Finder,"['Action', 'Action Adventure', 'General', 'Fantasy']"
Dr. Luigi,"['Miscellaneous', 'Puzzle', 'Stacking']"
NES Remix,"['Miscellaneous', 'General']"
Nintendo 3DS Guide: Louvre,"['Miscellaneous', 'Edutainment', 'Edutainment']"
Mario Party: Island Tour,"['Party', 'Miscellaneous', 'Party', 'Party / Minigame']"
The Legend of Zelda: A Link Between Worlds,"['Action RPG', 'Role-Playing', 'Action Adventure', 'General', 'Action RPG', 'Open-World']"
Super Mario 3D World,"['Platformer', '3D', 'Action', 'Platformer', '3D']"
Mario & Sonic at the Sochi 2014 Olympic Winter Games,"['Sports', 'Olympic Sports', 'Olympic Sports', 'Individual', 'Athletics']"
Wii Sports Club,"['Sports', 'General', 'General']"
Wii Fit U,"['Sports', 'Miscellaneous', 'General', 'Exercise / Fitness']"
New Super Mario Bros. U + New Super Luigi U,"['Action', 'Platformer', '2D']"
Wii Party U,"['Miscellaneous', 'Party', 'Party', 'Party / Minigame']"
Pokemon X,"['Role-Playing', 'Console-style RPG', 'Console-style RPG', 'Trainer']"
Pokemon Y,"['Role-Playing', 'Console-style RPG', 'Console-style RPG', 'Trainer']"
Inazuma Eleven 3: Lightning Bolt,"['Sports', 'Traditional', 'Soccer', 'Arcade']"
Inazuma Eleven 3: Bomb Blast,"['Sports', 'Traditional', 'Soccer', 'Arcade']"
The Legend of Zelda: The Wind Waker HD,"['Action Adventure', 'Fantasy', 'Fantasy', 'Open-World']"
The Wonderful 101,"['Action', 'General', 'General']"
Pokemon Rumble U,"['Action', ""Beat-'Em-Up"", ""Beat-'Em-Up"", '2D']"
Mario & Luigi: Dream Team,"['Role-Playing', 'Console-style RPG', 'Console-style RPG', 'Japanese-Style']"
Art Academy: SketchPad,"['Miscellaneous', 'General', 'General', 'Application']"
Animal Crossing Plaza,"['Miscellaneous', 'General', 'Application']"
Pikmin 3,"['Strategy', 'Real-Time', 'Fantasy', 'General', 'Fantasy']"
Game & Wario,"['Miscellaneous', 'Party', 'Party', 'Party / Minigame']"
New Super Luigi U,"['Action', 'Platformer', 'Platformer', '2D', '2D']"
Animal Crossing: New Leaf,"['Simulation', 'Miscellaneous', 'Virtual Life', 'Virtual', 'Virtual Life']"
Donkey Kong Country Returns 3D,"['Action', 'General', 'Platformer', 'Platformer', '2D', '2D']"
Fire Emblem: Awakening - The Future Past 3,"['Strategy', 'Turn-Based', 'Fantasy', 'Fantasy', 'Tactics']"
Fire Emblem: Awakening - Apotheosis,"['Strategy', 'Turn-Based', 'Fantasy', 'Tactics']"
Fire Emblem: Awakening - The Future Past 2,"['Strategy', 'Turn-Based', 'Fantasy', 'Fantasy', 'Tactics']"
Mario and Donkey Kong: Minis on the Move,"['Puzzle', 'Action', 'Platformer', 'Platformer', '3D', '3D']"
Fire Emblem: Awakening - The Future Past 1,"['Strategy', 'Turn-Based', 'Fantasy', 'Fantasy', 'Tactics']"
Fire Emblem: Awakening - Hot Spring Scramble,"['Strategy', 'Turn-Based', 'Fantasy', 'Fantasy', 'Tactics']"
Fire Emblem: Awakening - Summer Scramble,"['Strategy', 'Turn-Based', 'Fantasy', 'Fantasy', 'Tactics']"
Wii U Panorama View,"['Miscellaneous', 'General', 'General']"
Fire Emblem: Awakening - The Radiant Hero,"['Strategy', 'Turn-Based', 'Fantasy', 'Fantasy', 'Tactics']"
Fire Emblem: Awakening - Harvest Scramble,"['Strategy', 'Turn-Based', 'Fantasy', 'Fantasy', 'Tactics']"
Fire Emblem: Awakening - Roster Rescue,"['Strategy', 'Turn-Based', 'Fantasy', 'Fantasy', 'Tactics']"
LEGO City Undercover: The Chase Begins,"['Action Adventure', 'Fantasy', 'General', 'Fantasy']"
Fire Emblem: Awakening - Five-Anna Firefight,"['Strategy', 'Turn-Based', 'Fantasy', 'Fantasy', 'Tactics']"
Dillon's Rolling Western: The Last Ranger,"['Action', 'General', 'General']"
Fire Emblem: Awakening - Rogues and Redeemers 3,"['Strategy', 'Turn-Based', 'Fantasy', 'Fantasy', 'Tactics']"
Fire Emblem: Awakening - The Wellspring of Truth,"['Strategy', 'Turn-Based', 'Fantasy', 'Fantasy', 'Tactics']"
Fire Emblem: Awakening - Death's Embrace,"['Strategy', 'Turn-Based', 'Fantasy', 'Fantasy', 'Tactics']"
Fire Emblem: Awakening - Rogues and Redeemers 2,"['Strategy', 'Turn-Based', 'Fantasy', 'Fantasy', 'Tactics']"
HarmoKnight,"['Action', 'Miscellaneous', 'Rhythm', 'Music', 'Music']"
Fire Emblem: Awakening - Ghost of Blade,"['Strategy', 'Turn-Based', 'Fantasy', 'Fantasy', 'Tactics']"
Fire Emblem: Awakening - Rogues and Redeemers 1,"['Strategy', 'Turn-Based', 'Fantasy', 'Fantasy', 'Tactics']"
Fire Emblem: Awakening - Smash Brethren 3,"['Strategy', 'Turn-Based', 'Fantasy', 'Fantasy', 'Tactics']"
Luigi's Mansion: Dark Moon,"['Action Adventure', 'Fantasy', 'General', 'Fantasy']"
Pokemon Mystery Dungeon: Gates to Infinity,"['General', 'Role-Playing', 'Console-style RPG', 'Console-style RPG', 'Roguelike']"
Fire Emblem: Awakening - Smash Brethren 2,"['Strategy', 'Turn-Based', 'Fantasy', 'Fantasy', 'Tactics']"
LEGO City Undercover,"['Action Adventure', 'Fantasy', 'General', 'Fantasy', 'Open-World']"
Fire Emblem: Awakening - Smash Brethren 1,"['Strategy', 'Turn-Based', 'Fantasy', 'Fantasy', 'Tactics']"
Fire Emblem: Awakening - Lost Bloodlines 3,"['Strategy', 'Turn-Based', 'Fantasy', 'Fantasy', 'Tactics']"
Fire Emblem: Awakening - A Hard Miracle,"['Strategy', 'Turn-Based', 'Fantasy', 'Fantasy', 'Tactics']"
Kersploosh!,"['Miscellaneous', 'General', 'General']"
Fire Emblem: Awakening - Lost Bloodlines 2,"['Strategy', 'Turn-Based', 'Fantasy', 'Fantasy', 'Tactics']"
Fire Emblem: Awakening - Infinite Regalia,"['Strategy', 'Turn-Based', 'Fantasy', 'Fantasy', 'Tactics']"
Fire Emblem: Awakening - EXPonential Growth,"['Strategy', 'Turn-Based', 'Fantasy', 'Fantasy', 'Tactics']"
Fire Emblem: Awakening - Irreconcilable Paths,"['Strategy', 'Turn-Based', 'Fantasy', 'Fantasy', 'Tactics']"
Fire Emblem: Awakening - Lost Bloodlines 1,"['Strategy', 'Turn-Based', 'Fantasy', 'Fantasy', 'Tactics']"
Wii Street U,"['Miscellaneous', 'General', 'Application']"
Fire Emblem: Awakening - Champions of Yore 3,"['Strategy', 'Turn-Based', 'Fantasy', 'Fantasy', 'Tactics']"
Fire Emblem: Awakening - The Golden Gaffe,"['Strategy', 'Turn-Based', 'Fantasy', 'Fantasy', 'Tactics']"
Fire Emblem: Awakening - The Dead King's Lament,"['Strategy', 'Turn-Based', 'Fantasy', 'Fantasy', 'Tactics']"
Brain Age: Concentration Training,"['Edutainment', 'Miscellaneous', 'Edutainment']"
Fire Emblem: Awakening - Champions of Yore 2,"['Strategy', 'Turn-Based', 'Fantasy', 'Fantasy', 'Tactics']"
Fire Emblem: Awakening,"['Strategy', 'Turn-Based', 'Fantasy', 'Fantasy', 'Tactics']"
Fire Emblem: Awakening - Champions of Yore 1,"['Strategy', 'Turn-Based', 'Fantasy', 'Fantasy', 'Tactics']"
Tokyo Crash Mobs,"['Miscellaneous', 'Puzzle', 'General', 'Puzzle', 'General']"
Chase Mii,"['Miscellaneous', 'General']"
Fluidity: Spin Cycle,"['Action', 'Platformer', 'Platformer', '2D', '2D']"
New Super Mario Bros. 2: Mystery Adventure Pack,"['Action', 'Platformer', 'Platformer', '2D', '2D']"
New Super Mario Bros. 2: Impossible Pack,"['Action', 'Platformer', 'Platformer', '2D', '2D']"
New Super Mario Bros. 2: Coin Challenge Pack C,"['Action', 'Platformer', 'Platformer', '2D', '2D']"
New Super Mario Bros. 2: Platform Panic Pack,"['Action', 'Platformer', 'Platformer', '3D', '2D']"
New Super Mario Bros. 2: Gold Classics Pack,"['Action', 'Platformer', 'Platformer', '2D', '2D']"
Crashmo,"['Miscellaneous', 'Puzzle', 'Action', 'Puzzle', 'Action']"
New Super Mario Bros. U,"['Action', 'Platformer', 'Platformer', '2D', '2D']"
Ninja Gaiden 3: Razor's Edge,"['Action', 'Action Adventure', 'Platformer', 'General', 'Platformer', '3D', '3D']"
SiNG Party,"['Action', 'Miscellaneous', 'Rhythm', 'Music', 'Music']"
Nintendo Land,"['Miscellaneous', 'Party', 'Party', 'Party / Minigame']"
Paper Mario: Sticker Star,"['Action Adventure', 'General', 'Fantasy', 'Role-Playing', 'Console-style RPG', 'Console-style RPG', 'Japanese-Style']"
Pokedex 3D Pro,"['Miscellaneous', 'General', 'General', 'Application']"
"Freakyforms Deluxe: Your Creations, Alive!","['Miscellaneous', 'General', 'General']"
Professor Layton and the Miracle Mask,"['Puzzle', 'Miscellaneous', 'Puzzle', 'General', 'Puzzle', 'General']"
New Super Mario Bros. 2: Coin Challenge Pack B,"['Action', 'Platformer', 'Platformer', '2D', '2D']"
New Super Mario Bros. 2: Gold Mushroom Pack,"['Action', 'Platformer', 'Platformer', '2D', '2D']"
Style Savvy: Trendsetters,"['Simulation', 'Miscellaneous', 'General', 'General', 'Virtual', 'Career']"
Sparkle Snapshots 3D,"['Miscellaneous', 'General', 'General']"
Wii Sports/Wii Sports Resort,"['Miscellaneous', 'Compilation', 'Compilation']"
Pokemon Black Version 2,"['Role-Playing', 'Console-style RPG', 'Console-style RPG', 'Trainer']"
Pokemon White Version 2,"['Role-Playing', 'Console-style RPG', 'Console-style RPG', 'Trainer']"
Pokemon Dream Radar,"['Action', 'General', 'Miscellaneous', 'General', 'General']"
New Super Mario Bros. 2: Coin Challenge Pack A,"['Action', 'Platformer', 'Platformer', '2D', '2D']"
New Super Mario Bros. 2: Gold Rush Pack,"['Action', 'Platformer', 'Platformer', '2D', '2D']"
New Super Mario Bros. 2: Nerve-Wrack Pack,"['Action', 'Platformer', 'Platformer', '2D', '2D']"
Art Academy: Lessons for Everyone,"['Miscellaneous', 'Edutainment', 'Edutainment']"
Art Academy: Lessons for Everyone,"['Miscellaneous', 'Edutainment', 'Edutainment']"
Crosswords Plus,"['Miscellaneous', 'Puzzle', 'General', 'Puzzle', 'Logic', 'General']"
Inazuma Eleven Strikers,"['Sports', 'General']"
Kirby's Dream Collection: Special Edition,"['Miscellaneous', 'Compilation', 'Compilation']"
New Super Mario Bros. 2,"['Action', 'Platformer', 'Platformer', '2D', '2D']"
Project Zero 2: Wii Edition,"['Action Adventure', 'Horror']"
Pokemon Conquest,"['Strategy', 'Turn-Based', 'Fantasy', 'Fantasy', 'Tactics']"
New Play Control! Pikmin 2,"['Strategy', 'Real-Time', 'Fantasy', 'General', 'Fantasy']"
Mario Tennis Open,"['Sports', 'Traditional', 'Individual', 'Tennis', 'Tennis']"
Spirit Camera: The Cursed Memoir,"['Action Adventure', 'Horror', 'Horror', 'Survival']"
Ketzal's Corridors,"['General', 'Miscellaneous', 'Puzzle', 'Action', 'Puzzle', 'Action']"
Xenoblade Chronicles,"['Role-Playing', 'Action RPG', 'Console-style RPG', 'Action RPG']"
Kid Icarus: Uprising,"['Action Adventure', 'Fantasy', 'General', 'Fantasy']"
3D Classics: Kid Icarus,"['Action', 'Platformer', 'Platformer', '2D', '2D']"
Inazuma Eleven 2: Firestorm,"['Sports', 'General']"
Inazuma Eleven 2: Blizzard,"['Sports', 'General']"
Mario Party 9,"['Miscellaneous', 'Party', 'Party', 'Party / Minigame']"
PokePark 2: Wonders Beyond,"['Action Adventure', 'Adventure', 'General', 'Fantasy', 'General', 'Fantasy']"
Dillon's Rolling Western,"['Action', 'General', 'General']"
Rhythm Heaven Fever,"['Action', 'Miscellaneous', 'Rhythm', 'Music', 'Music']"
One Piece: Unlimited Cruise SP,"['Action', 'General']"
Sakura Samurai: Art of the Sword,"['Action', 'General', 'General']"
Pro Wrestling,"['Action', 'Fighting', 'Wrestling']"
The Legend of Zelda: Link's Awakening DX,"['Action Adventure', 'Fantasy']"
Super Mario Land,"['Action', 'Platformer', '2D']"
Deer Drive Legends,"['Sports', 'Individual', 'Nature', 'Hunting', 'Hunting']"
Swapnote,"['Miscellaneous', 'General', 'General', 'Application']"
Pushmo,"['Miscellaneous', 'Puzzle', 'Action', 'Puzzle', 'Action']"
Fortune Street,"['Miscellaneous', 'Board Games', 'Board Games', 'Board / Card Game']"
Mario Kart 7,"['Driving', 'Racing', 'Arcade', 'Kart', 'Kart', 'Automobile']"
The Legend of Zelda: Skyward Sword,"['Action Adventure', 'Fantasy', 'General', 'Fantasy', 'Open-World']"
3D Classics: Kirby's Adventure,"['Action', 'Platformer', 'Platformer', '2D', '2D']"
Fossil Fighters: Champions,"['Role-Playing', 'General', 'General']"
Super Mario 3D Land,"['Action', 'Platformer', 'Platformer', '3D', '3D']"
"Freakyforms: Your Creations, Alive!","['Miscellaneous', 'General', 'General']"
Kirby's Return to Dream Land,"['General', 'Action', 'Platformer', 'Platformer', '2D', '2D']"
Pokemon Rumble Blast,"['Action', 'General', ""Beat-'Em-Up"", ""Beat-'Em-Up"", '2D', '3D']"
Professor Layton and the Last Specter,"['Miscellaneous', 'Puzzle', 'Puzzle', 'General', 'Puzzle', 'General']"
Tetris Axis,"['Miscellaneous', 'Puzzle', 'Puzzle', 'Stacking', 'Stacking']"
The Legend of Zelda: Four Swords Anniversary Edition,"['Action Adventure', 'Fantasy', 'General', 'Fantasy']"
3D Classics: TwinBee,"['Action', 'Shooter', 'Shooter', 'Scrolling', 'Scrolling', ""Shoot-'Em-Up"", 'Vertical']"
Kirby Mass Attack,"['Action', 'Platformer', 'Platformer', '2D', '2D']"
Dragon Quest Monsters: Joker 2,"['Role-Playing', 'Console-style RPG', 'Console-style RPG', 'Japanese-Style', 'Trainer']"
Star Fox 64 3D,"['Action', 'Shooter', 'Shooter', 'Rail', 'Rail']"
Inazuma Eleven,"['Sports', 'Traditional', 'Soccer', 'Arcade']"
3D Classics: Urban Champion,"['Action', 'Fighting', 'Fighting', '2D', '2D']"
3D Classics: Xevious,"['Action', 'Shooter', 'Shooter', 'Scrolling', 'Scrolling', ""Shoot-'Em-Up"", 'Vertical']"
Nintendo Video,"['Miscellaneous', 'General', 'General']"
Mystery Case Files: The Malgrave Incident,"['Miscellaneous', 'Puzzle', 'Hidden Object', 'Puzzle', 'General']"
The Legend of Zelda: Ocarina of Time 3D,"['Miscellaneous', 'Action Adventure', 'Fantasy', 'Fantasy', 'Compilation', 'Open-World']"
Wii Play: Motion,"['Miscellaneous', 'Party', 'Party', 'Party / Minigame']"
Pokedex 3D,"['Miscellaneous', 'General', 'General', 'Application']"
3D Classics: Excitebike,"['Driving', 'Racing', 'Arcade', 'Motorcycle', 'Other', 'Automobile', 'Motocross', 'Motocross']"
Nintendogs + Cats: Golden Retriever & New Friends,"['Simulation', 'Miscellaneous', 'Virtual Life', 'Virtual Life', 'Virtual', 'Pet']"
Pilotwings Resort,"['Simulation', 'Flight', 'Civilian Plane', 'Civilian Plane', 'Civilian']"
Steel Diver,"['Action', 'Simulation', 'General', 'Submarine', 'Submarine', 'Marine', 'Combat']"
Nintendogs + Cats: Toy Poodle & New Friends,"['Simulation', 'Miscellaneous', 'Virtual Life', 'Virtual Life', 'Virtual', 'Pet']"
Nintendogs + Cats: French Bulldog & New Friends,"['Simulation', 'Miscellaneous', 'Virtual Life', 'Virtual Life', 'Virtual', 'Pet']"
AR Games,"['Miscellaneous', 'General', 'General']"
Face Raiders,"['Action', 'General', 'General', 'Shooter', 'Light Gun']"
StreetPass Mii Plaza,"['Role-Playing', 'General', 'General']"
Nintendo 3DS,"['Hardware', 'Console']"
Mii Maker,"['Miscellaneous', 'General', 'Application']"
Nintendo 3DS Internet Browser,"['Miscellaneous', 'Application']"
Pokemon Black Version,"['Role-Playing', 'Console-style RPG', 'Console-style RPG', 'Trainer']"
Pokemon White Version,"['Role-Playing', 'Console-style RPG', 'Console-style RPG', 'Trainer']"
Dragon Quest VI: Realms of Revelation,"['Role-Playing', 'Console-style RPG', 'Console-style RPG', 'Japanese-Style']"
Mario Sports Mix,"['Sports', 'General', 'General']"
Disaster: Day of Crisis,"['Action', 'General']"
Another Code R: A Journey into Lost Memories,"['Adventure', 'General']"
Fluidity,"['Action', 'Platformer', 'Platformer', '2D', '3D', '2D']"
Mario Party 2,"['Miscellaneous', 'Party']"
Super Mario All-Stars: 25th Anniversary Edition,"['Miscellaneous', 'Compilation', 'Compilation']"
Fluidity,"['Action', 'Platformer', 'Platformer', '2D', '3D', '2D']"
Golden Sun: Dark Dawn,"['Role-Playing', 'Console-style RPG', 'Console-style RPG', 'Japanese-Style']"
Snowpack Park,"['Simulation', 'General', 'General']"
Donkey Kong Country Returns,"['Action', 'Adventure', 'General', 'Platformer', 'Platformer', '2D', '2D']"
Mario vs. Donkey Kong: Mini-Land Mayhem,"['Action', 'Platformer', 'Platformer', '2D', '2D']"
FlingSmash,"['Action', 'General', 'General']"
PokePark Wii: Pikachu's Adventure,"['Action Adventure', 'Adventure', 'General', 'Fantasy', 'General', 'Fantasy']"
Art Academy,"['Miscellaneous', 'Edutainment', 'Edutainment']"
ThruSpace,"['Miscellaneous', 'Puzzle', 'Action', 'Puzzle', 'Puzzle', 'Action']"
Snapdots,"['Miscellaneous', 'Puzzle', 'Action', 'Puzzle', 'Puzzle', 'Action']"
Kirby's Epic Yarn,"['Adventure', 'General', 'Action', 'Platformer', 'Platformer', '2D', '2D']"
Pokemon Ranger: Guardian Signs,"['Role-Playing', 'General', 'General']"
Wii Party,"['Miscellaneous', 'Party', 'Party', 'Party / Minigame']"
Samurai Warriors 3,"['Action', ""Beat-'Em-Up"", ""Beat-'Em-Up"", '3D']"
Nintendo Countdown Calendar,"['Miscellaneous', 'General', 'General']"
Professor Layton and the Unwound Future,"['Miscellaneous', 'Puzzle', 'Puzzle', 'General', 'Puzzle', 'General']"
Metroid: Other M,"['Action', 'Action Adventure', 'Shooter', 'Sci-Fi', 'Sci-Fi', 'General', 'Third-Person', 'Sci-Fi']"
Face Pilot: Fly With Your Nintendo DSi Camera!,"['Simulation', 'General', 'General']"
AquaSpace,"['Miscellaneous', 'General', 'General']"
Dragon Quest IX: Sentinels of the Starry Skies,"['Role-Playing', 'Console-style RPG', 'Console-style RPG', 'Japanese-Style']"
Mario Tennis,"['Sports', 'Traditional', 'Tennis']"
Sin & Punishment: Star Successor,"['Action', 'General', 'Shooter', 'Shooter', 'Rail', 'Rail']"
Art Style: Rotozoa,"['Miscellaneous', 'Puzzle', 'Puzzle', 'General', 'Puzzle', 'General']"
Spin Six,"['Miscellaneous', 'Puzzle', 'Puzzle', 'Puzzle', 'Matching', 'Matching']"
100 Classic Books,"['Miscellaneous', 'General', 'Application']"
A Kappa's Trail,"['Miscellaneous', 'Puzzle', 'Puzzle', 'General', 'Puzzle', 'General']"
Flametail,"['Miscellaneous', 'Puzzle', 'Puzzle', 'General', 'Puzzle', 'General']"
X-Scape,"['Simulation', 'Action Adventure', 'Sci-Fi', 'Sci-Fi', 'General', 'Space', 'Combat']"
Phoenix Wright: Ace Attorney Episode 5: Rise From the Ashes,"['Adventure', 'First-Person', 'Modern']"
Art Style: light trax,"['Miscellaneous', 'General', 'General']"
Metal Torrent,"['Action', 'Shooter', 'Shooter', 'Scrolling', 'Scrolling', ""Shoot-'Em-Up"", 'Vertical']"
Super Mario Galaxy 2,"['Action', 'Platformer', 'Platformer', '3D', '3D']"
Kirby Super Star,"['Action', 'Platformer', '2D']"
Looksley's Line Up,"['Miscellaneous', 'Puzzle', 'Puzzle', 'Hidden Object', 'General', 'Puzzle', 'General']"
Photo Dojo,"['Action', ""Beat-'Em-Up"", ""Beat-'Em-Up"", '2D']"
Picross 3D,"['Miscellaneous', 'Puzzle', 'Puzzle', 'Puzzle', 'Logic', 'Logic']"
Game & Watch: Flagman,"['Action', 'General', 'General']"
Game & Watch: Ball,"['Action', 'General', 'General', 'Arcade']"
Game & Watch: Donkey Kong Jr.,"['Action', 'General', 'General']"
Game & Watch: Vermin,"['Action', 'Miscellaneous', 'Trivia / Game Show', 'Trivia / Game Show', 'Arcade']"
Game & Watch: Helmet,"['Action', 'General', 'General']"
Game & Watch: Manhole,"['Action', 'General', 'General']"
Grill-Off with Ultra Hand!,"['Action', 'General', 'General']"
Game & Watch Collection 2,"['Miscellaneous', 'Compilation', 'Compilation']"
WarioWare D.I.Y. Showcase,"['Miscellaneous', 'Party', 'Party', 'Party / Minigame']"
Nintendo DSi Metronome,"['Miscellaneous', 'General', 'General']"
Nintendo DSi Instrument Tuner,"['Miscellaneous', 'General', 'General']"
WarioWare D.I.Y.,"['Miscellaneous', 'General', 'General']"
America's Test Kitchen: Let's Get Cooking,"['Miscellaneous', 'General']"
America's Test Kitchen: Let's Get Cooking,"['Miscellaneous', 'General', 'General']"
Game & Watch: Judge,"['Action', 'General', 'General']"
Game & Watch: Chef,"['Action', 'General', 'General']"
Game & Watch: Mario's Cement Factory,"['Action', 'General', 'General']"
Pokemon HeartGold Version,"['Role-Playing', 'Console-style RPG', 'Console-style RPG', 'Trainer']"
Pokemon SoulSilver Version,"['Role-Playing', 'Console-style RPG', 'Console-style RPG', 'Trainer']"
Endless Ocean: Blue World,"['Adventure', 'General', 'General', '3D', 'Third-Person']"
Aura-Aura Climber,"['Action', 'General', 'General']"
Spotto!,"['Action', 'Adventure', 'General', 'General']"
Link 'n' Launch,"['Miscellaneous', 'Puzzle', 'Puzzle', 'General', 'Puzzle', 'General']"
True Swing Golf Express,"['Sports', 'Traditional', 'Golf', 'Sim', 'Sim']"
Number Battle,"['Miscellaneous', 'Puzzle', 'Puzzle', 'General', 'Puzzle', 'Logic', 'General']"
Glory of Heracles,"['Role-Playing', 'Console-style RPG', 'Console-style RPG', 'Japanese-Style']"
Starship Defense,"['Strategy', 'Real-Time', 'Sci-Fi', 'Sci-Fi', 'Defense']"
Touch Solitaire,"['Miscellaneous', 'Board Games', 'Board Games']"
Phoenix Wright: Ace Attorney,"['Adventure', 'First-Person', 'Visual Novel', 'Modern', 'Modern']"
Trajectile,"['Action', 'General', 'General']"
Master of Illusion Express: Psychic Camera,"['Miscellaneous', 'General', 'General']"
Pilotwings,"['Simulation', 'Flight', 'Civilian Plane']"
Super Smash Bros.,"['Action', 'Fighting', '3D']"
Eco Shooter: Plant 530,"['Action', 'Adventure', 'General', 'Shooter', 'First-Person', 'Fantasy', 'Arcade']"
Master of Illusion Express: Matchmaker,"['Miscellaneous', 'General', 'General']"
The Legend of Zelda: Spirit Tracks,"['Action Adventure', 'Fantasy', 'Fantasy', 'Open-World']"
Master of Illusion Express: Mind Probe,"['Miscellaneous', 'General', 'General']"
Electroplankton: Lumiloop,"['Action', 'Miscellaneous', 'Rhythm', 'Music Maker', 'Music Maker', 'Music']"
Electroplankton: Sun-Animalcule,"['Action', 'Miscellaneous', 'Rhythm', 'Music Maker', 'Music Maker', 'Music']"
Electroplankton: Varvoice,"['Action', 'Miscellaneous', 'Rhythm', 'Music Maker', 'Music Maker', 'Music']"
Electroplankton: Marine-Crystals,"['Action', 'Miscellaneous', 'Rhythm', 'Music Maker', 'Music Maker', 'Music']"
Electroplankton: Luminarrow,"['Action', 'Miscellaneous', 'Rhythm', 'Music Maker', 'Music Maker', 'Music']"
Super Mario Kart,"['Driving', 'Racing', 'Kart']"
Pokemon Rumble,"['Action', ""Beat-'Em-Up"", ""Beat-'Em-Up"", '2D', '3D']"
Art Style: DIGIDRIVE,"['Miscellaneous', 'Puzzle', 'Puzzle', 'General', 'General']"
New Super Mario Bros. Wii,"['Action', 'Platformer', 'Platformer', '2D', '2D']"
Electroplankton: Beatnes,"['Action', 'Miscellaneous', 'Rhythm', 'Music Maker', 'Music Maker', 'Music']"
Electroplankton: Trapy,"['Action', 'Miscellaneous', 'Rhythm', 'Music Maker', 'Music Maker', 'Music']"
Electroplankton: Nanocarp,"['Action', 'Miscellaneous', 'Rhythm', 'Music Maker', 'Music Maker', 'Music']"
Electroplankton: Hanenbow,"['Action', 'Miscellaneous', 'Rhythm', 'Music Maker', 'Music Maker', 'Music']"
Electroplankton: Rec-Rec,"['Action', 'Miscellaneous', 'Rhythm', 'Music Maker', 'Music Maker', 'Music']"
Excitebike: World Rally,"['Driving', 'Racing', 'Arcade', 'Motorcycle', 'Other', 'Motocross', 'Motocross']"
Style Savvy,"['Simulation', 'General', 'General', 'Virtual', 'Career']"
Sparkle Snapshots,"['Miscellaneous', 'Edutainment']"
Doc Louis's Punch-Out!!,"['Sports', 'Traditional', 'Individual', 'Boxing', 'Boxing', 'Combat', 'Boxing / Martial Arts']"
PictureBook Games: The Royal Bluff,"['Miscellaneous', 'Board Games', 'Board Games', 'Board / Card Game']"
Crash-Course Domo,"['Driving', 'Racing', 'Arcade', 'Other', 'Other']"
Hard-Hat Domo,"['Adventure', 'Puzzle', 'Action', 'General']"
Pro-Putt Domo,"['Sports', 'Traditional', 'Individual', 'Golf', 'Arcade', 'Arcade']"
Rock-n-Roll Domo,"['Action', 'Miscellaneous', 'Rhythm', 'Music', 'Music']"
White-Water Domo,"['Driving', 'Racing', 'Arcade', 'Snow / Water', 'Other', 'Snow / Water']"
Pokemon Mystery Dungeon: Explorers of Sky,"['Role-Playing', 'General', 'Console-style RPG', 'Console-style RPG', 'Roguelike']"
Pinball Pulse: The Ancients Beckon,"['Action', 'Miscellaneous', 'Parlor', 'Pinball', 'Pinball']"
Wii Fit Plus,"['Sports', 'Miscellaneous', 'Alternative', 'General', 'Exercise / Fitness', 'Other']"
Art Academy: Second Semester,"['Miscellaneous', 'Edutainment', 'Edutainment']"
Clubhouse Games Express: Strategy Pack,"['Miscellaneous', 'Board Games', 'Board Games', 'Board / Card Game']"
"You, Me, and the Cubes","['Miscellaneous', 'Puzzle', 'Action', 'Puzzle', 'Puzzle', 'Action']"
Mario & Luigi: Bowser's Inside Story,"['Role-Playing', 'Action RPG', 'Console-style RPG', 'Console-style RPG', 'Japanese-Style']"
Art Academy: First Semester,"['Miscellaneous', 'Edutainment', 'Edutainment']"
Clubhouse Games Express: Family Favorites,"['Miscellaneous', 'Board Games', 'Board Games', 'Board / Card Game']"
Puzzle League Express,"['Miscellaneous', 'Puzzle', 'Puzzle', 'General', 'Puzzle', 'General']"
Professor Layton and the Diabolical Box,"['Miscellaneous', 'Puzzle', 'Puzzle', 'General', 'Puzzle', 'General']"
Metroid Prime Trilogy,"['Action', 'Miscellaneous', 'Shooter', 'Compilation', 'Compilation', 'First-Person', 'Sci-Fi']"
Picture Book Games: Pop-Up Pursuit,"['Miscellaneous', 'Board Games', 'Board Games', 'Board / Card Game']"
Brain Age Express: Sudoku,"['Miscellaneous', 'Puzzle', 'Puzzle', 'General', 'Logic', 'General']"
Flipnote Studio,"['Miscellaneous', 'General', 'Application']"
Fossil Fighters,"['Role-Playing', 'General', 'General']"
Rock N' Roll Climber,"['Action', 'General', 'General']"
Brain Age Express: Arts & Letters,"['Miscellaneous', 'Edutainment', 'Edutainment']"
Art Style: precipice,"['Miscellaneous', 'Puzzle', 'Action', 'Puzzle', 'Puzzle', 'Action']"
Wii Sports Resort,"['Sports', 'General', 'General', 'Individual', 'Athletics']"
Art Style: ZENGAGE,"['Miscellaneous', 'Puzzle', 'Puzzle', 'Puzzle', 'Matching', 'Matching']"
Art Style: BASE 10,"['Miscellaneous', 'Puzzle', 'Action', 'Puzzle', 'Puzzle', 'Action']"
Bit.Trip Core,"['Action', 'Miscellaneous', 'Rhythm', 'Music', 'Music']"
Art Style: BOXLIFE,"['Miscellaneous', 'General', 'General']"
Mario Calculator,"['Action', 'Miscellaneous', 'General', 'Edutainment']"
Mario Clock,"['Miscellaneous', 'General', 'General', 'Application']"
Mario vs. Donkey Kong: Minis March Again!,"['Action', 'Platformer', 'Platformer', '2D', '2D']"
The Legendary Starfy,"['Action', 'Platformer', 'Platformer', '2D', '2D']"
Personal Trainer: Walking,"['Miscellaneous', 'General', 'Exercise / Fitness']"
Photo Clock,"['Miscellaneous', 'General', 'Application']"
Punch-Out!!,"['Sports', 'Traditional', 'Individual', 'Boxing', 'Boxing', 'Combat', 'Boxing / Martial Arts']"
Art Style: PiCTOBiTS,"['Miscellaneous', 'Puzzle', 'Puzzle', 'Puzzle', 'Matching', 'Matching']"
The Legend of Zelda: Majora's Mask,"['Action Adventure', 'Fantasy']"
New Play Control! Donkey Kong Jungle Beat,"['Action', 'Platformer', 'Platformer', '2D', '2D']"
Animal Crossing Calculator,"['Miscellaneous', 'Edutainment', 'Application']"
Animal Crossing Clock,"['Miscellaneous', 'Edutainment', 'Application']"
Paper Airplane Chase,"['Miscellaneous', 'Puzzle', 'Puzzle', 'General', 'Puzzle', 'General']"
Clubhouse Games Express: Card Classics,"['Miscellaneous', 'Board Games', 'Board Games', 'Board / Card Game']"
Dr. Mario Express,"['Miscellaneous', 'Puzzle', 'Puzzle', 'General', 'Puzzle', 'Matching', 'General']"
Excitebots: Trick Racing,"['Driving', 'Racing', 'General', 'Arcade', 'Arcade', 'Automobile']"
Master of Illusion Express: Deep Psyche,"['Miscellaneous', 'Puzzle', 'Puzzle', 'General', 'Puzzle', 'General']"
Master of Illusion Express: Shuffle Games,"['Miscellaneous', 'Puzzle', 'Puzzle', 'General', 'Puzzle', 'General']"
Rhythm Heaven,"['Action', 'Miscellaneous', 'Rhythm', 'Music', 'Music']"
Art Style: AQUIA,"['Miscellaneous', 'Puzzle', 'Puzzle', 'General', 'Puzzle', 'General']"
Nintendo DSi Browser,"['Miscellaneous', 'Web Browser', 'Application']"
Master of Illusion Express: Funny Face,"['Miscellaneous', 'Puzzle', 'Puzzle', 'General', 'Puzzle', 'General']"
Bird & Beans,"['Action', 'General', 'General', 'Arcade']"
Brain Age Express: Math,"['Miscellaneous', 'Edutainment', 'Edutainment']"
WarioWare: Snapped!,"['Miscellaneous', 'Puzzle', 'Puzzle', 'General', 'Puzzle', 'Party / Minigame', 'General']"
Super Punch-Out!!,"['Sports', 'Traditional', 'Boxing']"
Bonsai Barber,"['Simulation', 'Miscellaneous', 'Virtual Life', 'Virtual', 'Virtual Life']"
Pokemon Platinum Version,"['Role-Playing', 'Console-style RPG', 'Console-style RPG', 'Trainer']"
Bit.Trip Beat,"['Action', 'Miscellaneous', 'Rhythm', 'Music', 'Music']"
New Play Control! Pikmin,"['Strategy', 'Real-Time', 'Fantasy', 'General', 'Fantasy']"
New Play Control! Mario Power Tennis,"['Sports', 'Traditional', 'Individual', 'Tennis', 'Tennis']"
Fire Emblem: Shadow Dragon,"['Strategy', 'Turn-Based', 'Fantasy', 'Fantasy', 'Tactics']"
Lonpos,"['Miscellaneous', 'Puzzle', 'Puzzle', 'General', 'Puzzle', 'General']"
Personal Trainer: Math,"['Miscellaneous', 'Edutainment', 'Edutainment']"
Kirby's Dream Land 3,"['Action', 'Platformer', '2D']"
Maboshi's Arcade,"['Miscellaneous', 'Puzzle', 'Action', 'Puzzle', 'Puzzle', 'Action']"
StarTropics II: Zoda's Revenge,"['Action Adventure', 'Modern']"
Game & Watch Collection,"['Miscellaneous', 'Compilation', 'Compilation']"
Personal Trainer: Cooking,"['Miscellaneous', 'General', 'General']"
Animal Crossing: City Folk,"['Simulation', 'Miscellaneous', 'Virtual Life', 'Virtual', 'Virtual Life']"
Pokemon Ranger: Shadows of Almia,"['Role-Playing', 'General', 'General']"
Art Style: ROTOHEX,"['Miscellaneous', 'Puzzle', 'Puzzle', 'General', 'Puzzle', 'General']"
Wii Music,"['Action', 'Miscellaneous', 'Rhythm', 'Music', 'Music']"
Art Style: CUBELLO,"['Miscellaneous', 'Puzzle', 'Puzzle', 'General', 'Puzzle', 'General']"
Mario Golf,"['Sports', 'Traditional', 'Golf', 'Arcade']"
Art Style: ORBIENT,"['Miscellaneous', 'Puzzle', 'Puzzle', 'General', 'Puzzle', 'General']"
Wario Land: Shake It!,"['Action', 'Platformer', 'Platformer', '2D', '2D']"
Kirby Super Star Ultra,"['Action', 'Platformer', 'Platformer', '2D', '2D']"
Mystery Case Files: MillionHeir,"['Miscellaneous', 'Adventure', 'Puzzle', 'General', 'Hidden Object', 'Puzzle']"
Super Mario RPG: Legend of the Seven Stars,"['Role-Playing', 'Console-style RPG']"
Clu Clu Land,"['Action', 'General']"
Mario Super Sluggers,"['Sports', 'Traditional', 'Team', 'Baseball', 'Arcade', 'Arcade']"
Donkey Kong 3,"['Action', 'General', 'Platformer', '2D']"
Magnetica Twist,"['Miscellaneous', 'Puzzle', 'Puzzle', 'General', 'Puzzle', 'Matching', 'General']"
My Pokemon Ranch,"['Simulation', 'Miscellaneous', 'Virtual Life', 'Virtual', 'Virtual Life']"
Dr. Mario Online RX,"['Miscellaneous', 'Puzzle', 'Puzzle', 'Puzzle', 'Matching', 'Matching']"
Wii Fit,"['Sports', 'Miscellaneous', 'General', 'Exercise / Fitness']"
CrossworDS,"['Miscellaneous', 'Puzzle', 'Puzzle', 'General', 'Logic', 'General']"
Pokemon Puzzle League,"['Miscellaneous', 'Puzzle', 'Puzzle', 'Matching']"
Mario Kart Wii,"['Driving', 'Racing', 'Arcade', 'Kart', 'Kart', 'Automobile']"
Pokemon Mystery Dungeon: Explorers of Darkness,"['Role-Playing', 'Console-style RPG', 'Console-style RPG', 'Roguelike']"
Pokemon Mystery Dungeon: Explorers of Time,"['Role-Playing', 'Console-style RPG', 'Console-style RPG', 'Roguelike']"
Yoshi's Cookie,"['Miscellaneous', 'Puzzle', 'Puzzle', 'General']"
Cruis'n USA,"['Driving', 'Racing', 'Arcade']"
Super Smash Bros. Brawl,"['Action', 'Fighting', 'Fighting', '3D', '2D', '3D']"
Kirby 64: The Crystal Shards,"['Action', 'Platformer', '3D']"
Professor Layton and the Curious Village,"['Miscellaneous', 'Adventure', 'Puzzle', 'Edutainment', 'General', 'Puzzle', 'General']"
1080: TenEighty Snowboarding,"['Sports', 'Alternative', 'Snowboarding']"
Mario & Sonic at the Olympic Games,"['Sports', 'Olympic Sports', 'Olympic Sports', 'Individual', 'Athletics']"
Endless Ocean,"['Adventure', 'General', 'General', '3D', 'Third-Person']"
Adventures of Lolo 2,"['Miscellaneous', 'Puzzle', 'Puzzle', 'Action']"
Advance Wars: Days of Ruin,"['Strategy', 'Turn-Based', 'Modern', 'Modern', 'Tactics']"
StarTropics,"['Action Adventure', 'Modern']"
Donkey Kong Country 3: Dixie Kong's Double Trouble,"['Action', 'Platformer', '2D']"
Pokemon Snap,"['Action', 'General']"
Master of Illusion,"['Miscellaneous', 'Puzzle', 'Puzzle', 'General', 'Puzzle', 'Application', 'General']"
Vegas Stakes,"['Miscellaneous', 'Parlor', 'Gambling']"
Mario Party DS,"['Miscellaneous', 'Party', 'Party', 'Party / Minigame']"
Wrecking Crew,"['Action', 'Platformer', '2D']"
Link's Crossbow Training,"['Action', 'Shooter', 'Shooter', 'Light Gun', 'Light Gun']"
Super Mario Galaxy,"['Action', 'Platformer', 'Platformer', '3D', '3D']"
Volleyball,"['Sports', 'Traditional', 'Volleyball']"
Mario & Sonic at the Olympic Games,"['Sports', 'Olympic Sports', 'Olympic Sports', 'Individual', 'Athletics']"
Fire Emblem: Radiant Dawn,
Super Mario Bros. 3,"['Action', 'Platformer', '2D']"
Battalion Wars 2,"['Strategy', 'Real-Time', 'Military', 'Military', 'Tactics']"
Flash Focus: Vision Training in Minutes a Day,"['Miscellaneous', 'Edutainment', 'Edutainment']"
Donkey Kong: Barrel Blast,"['Driving', 'Racing', 'Arcade', 'Kart', 'Other', 'Kart']"
The Legend of Zelda: Phantom Hourglass,"['Action Adventure', 'Fantasy', 'Fantasy', 'Open-World']"
Super Mario Bros.: The Lost Levels,"['Action', 'Platformer', '2D']"
Sin and Punishment,"['Action', 'General']"
Chibi-Robo! Park Patrol,"['Action Adventure', 'Fantasy', 'General', 'Fantasy']"
Kirby's Avalanche,"['Miscellaneous', 'Puzzle', 'Puzzle', 'General']"
Yoshi's Story,"['Action', 'Platformer', '2D']"
DK: Jungle Climber,"['Action', 'General', 'General']"
NES Play Action Football,"['Sports', 'Traditional', 'Football', 'Sim']"
Donkey Kong Jr. Math,"['Miscellaneous', 'Edutainment']"
Metroid Prime 3: Corruption,"['Action', 'Shooter', 'Shooter', 'First-Person', 'Sci-Fi', 'Sci-Fi', 'Arcade']"
Brain Age 2: More Training in Minutes a Day,"['Miscellaneous', 'Edutainment', 'Edutainment']"
Super Metroid,"['Action', 'Platformer', '2D']"
Shining in the Darkness,"['Role-Playing', 'First-Person']"
Metroid,"['Action', 'Platformer', '2D']"
Wave Race 64,"['Driving', 'Racing', 'Snow / Water']"
Mario Strikers Charged,"['Sports', 'Traditional', 'Team', 'Soccer', 'Arcade', 'Arcade']"
Picross DS,"['Miscellaneous', 'Puzzle', 'Puzzle', 'Puzzle', 'Logic', 'Logic']"
Kirby's Dream Course,"['Sports', 'Traditional', 'Golf', 'Arcade']"
Paper Mario,"['Role-Playing', 'Console-style RPG']"
Balloon Fight,"['Action', 'General']"
Yoshi,"['Miscellaneous', 'Puzzle', 'Puzzle', 'General']"
Mach Rider,"['Driving', 'Racing', 'Motorcycle', 'Street']"
Super Mario Bros. 2,"['Action', 'Platformer', '2D']"
Pokemon Battle Revolution,"['Strategy', 'Turn-Based', 'Fantasy', 'General', 'Fantasy']"
F-Zero X,"['Driving', 'Racing', 'Futuristic']"
World Sports Competition,"['Sports', 'General']"
NES Open Tournament Golf,"['Sports', 'Traditional', 'Golf', 'Arcade']"
Big Brain Academy: Wii Degree,"['Miscellaneous', 'Edutainment', 'Edutainment']"
Nintendo DS Web Browser,"['Miscellaneous', 'Web Browser', 'Application']"
Zelda II: The Adventure of Link,"['Role-Playing', 'Action RPG']"
Planet Puzzle League,"['Miscellaneous', 'Puzzle', 'Puzzle', 'General', 'Puzzle', 'General']"
ToeJam & Earl in Panic on Funkotron,"['Action', 'Platformer', '2D']"
Mario Party 8,"['Miscellaneous', 'Party', 'Party', 'Party / Minigame']"
Kid Chameleon,"['Action', 'General']"
Streets of Rage 2,"['Action', ""Beat-'Em-Up""]"
Blazing Lazers,"['Action', 'Shooter', 'Scrolling']"
Donkey Kong Country 2: Diddy's Kong Quest,"['Action', 'Platformer', '2D']"
Ninja Spirit,"['Action', 'General']"
Mighty Bomb Jack,"['Action', 'General']"
Final Fight,"['Action', ""Beat-'Em-Up""]"
Ordyne,"['Action', 'Shooter', 'Scrolling']"
Shockman,"['Action', 'General', 'Platformer', '2D']"
Pokemon Diamond Version,"['Role-Playing', 'Console-style RPG', 'Console-style RPG', 'Trainer']"
Pokemon Pearl Version,"['Role-Playing', 'Console-style RPG', 'Console-style RPG', 'Trainer']"
Punch-Out!! Featuring Mr. Dream,"['Sports', 'Traditional', 'Boxing']"
Alex Kidd in the Enchanted Castle,"['Action', 'Platformer', '2D']"
Super Paper Mario,"['Action', 'Role-Playing', 'Platformer', 'Platformer', 'Action RPG', '3D', '3D']"
Star Fox 64,"['Action', 'Shooter', 'Rail']"
Teenage Mutant Ninja Turtles,"['Action', ""Beat-'Em-Up"", ""Beat-'Em-Up"", '2D']"
Romance of the Three Kingdoms IV: Wall of Fire,"['Strategy', 'Turn-Based', 'Historic']"
Custom Robo Arena,"['Action', 'Fighting', 'Fighting', '3D', '3D']"
Excitebike,"['Action', 'Driving', 'General', 'Racing', 'Motorcycle', 'Motocross']"
Wario: Master of Disguise,"['Action', 'General', 'Platformer', 'Platformer', '2D', '2D']"
Super Ghouls 'n Ghosts,"['Action', 'Platformer', '2D']"
The Legend of Zelda: Ocarina of Time,"['Action Adventure', 'Fantasy']"
Chew-Man-Fu,"['Miscellaneous', 'Puzzle', 'Puzzle', 'General']"
Donkey Kong Country,"['Action', 'Platformer', '2D']"
Everybody Votes,"['Miscellaneous', 'General', 'General']"
Wii Play,"['Miscellaneous', 'Party', 'Party', 'Party / Minigame']"
Ice Climber,"['Action', 'Platformer', '2D']"
Kid Icarus,"['Action', 'Platformer', '2D']"
Kirby's Adventure,"['Action', 'Platformer', '2D']"
Diddy Kong Racing DS,"['Driving', 'Racing', 'Arcade', 'Kart', 'Other', 'Kart']"
Super Mario World,"['Action', 'Platformer', '2D']"
Final Fantasy VI Advance,"['Role-Playing', 'Console-style RPG']"
Mario Kart 64,"['Driving', 'Racing', 'Kart']"
Hotel Dusk: Room 215,"['Adventure', 'General', 'General']"
The Legend of Zelda: A Link to the Past,"['Role-Playing', 'Action RPG']"
WarioWare: Smooth Moves,"['Miscellaneous', 'Party', 'Party', 'Party / Minigame']"
Urban Champion,"['Action', 'Fighting', '2D']"
Baseball,"['Sports', 'Traditional', 'Baseball', 'Arcade']"
Super Mario Bros.,"['Action', 'Platformer', '2D']"
Tennis,"['Sports', 'Traditional', 'Tennis']"
Gunstar Heroes,"['Action', 'Shooter', 'Scrolling']"
Ice Hockey,"['Sports', 'Traditional', 'Ice Hockey', 'Arcade']"
The Legend of Zelda: Twilight Princess,"['Action Adventure', 'Fantasy']"
Internet Channel,"['Miscellaneous', 'Web Browser', 'Application']"
Kirby: Squeak Squad,"['Action', 'Platformer', 'Platformer', '2D', '2D']"
Donkey Kong Jr.,"['Action', 'Platformer', '2D']"
The Legend of Zelda: Twilight Princess,"['Action Adventure', 'Fantasy', 'General', 'Fantasy', 'Open-World']"
Excite Truck,"['Driving', 'Racing', 'Arcade', 'Arcade', 'Automobile']"
Wii Sports,"['Sports', 'General', 'General', 'Individual', 'Athletics']"
Wii Channels,"['Miscellaneous', 'Web Browser', 'Application']"
F-Zero,"['Driving', 'Racing', 'Futuristic']"
Super Mario 64,"['Action', 'Platformer', '3D']"
SimCity,"['Strategy', 'City Building', 'Modern']"
The Legend of Zelda,"['Action Adventure', 'Fantasy']"
Donkey Kong,"['Action', 'Platformer', '2D']"
Mario Bros.,"['Action', 'Platformer', '2D']"
Pinball,"['Miscellaneous', 'Parlor', 'Pinball']"
Soccer,"['Sports', 'Traditional', 'Soccer', 'Sim']"
Wario's Woods,"['Miscellaneous', 'Puzzle', 'Puzzle', 'General']"
Nintendo Wii,"['Hardware', 'Console']"
Yoshi's Island DS,"['Action', 'Platformer', 'Platformer', '2D', '2D']"
Elite Beat Agents,"['Action', 'Miscellaneous', 'Rhythm', 'Music', 'Music']"
Final Fantasy V Advance,"['Role-Playing', 'Console-style RPG']"
Children of Mana,"['Role-Playing', 'Action RPG', 'Action RPG']"
Pokemon Ranger,"['Role-Playing', 'Action RPG', 'Action RPG']"
Magical Starsign,"['Role-Playing', 'General', 'Console-style RPG', 'Console-style RPG', 'Japanese-Style']"
Nintendogs: Dalmatian & Friends,"['Simulation', 'Miscellaneous', 'Virtual Life', 'Virtual Life', 'Virtual', 'Pet']"
Clubhouse Games,"['Miscellaneous', 'Board Games', 'Board Games', 'Board / Card Game', 'Party / Minigame']"
Mario vs. Donkey Kong 2: March of the Minis,"['Action', 'Platformer', 'Platformer', '2D', '2D']"
Baten Kaitos Origins,"['Role-Playing', 'Console-style RPG']"
Pokemon Mystery Dungeon: Blue Rescue Team,"['Role-Playing', 'Console-style RPG', 'Console-style RPG', 'Roguelike']"
Pokemon Mystery Dungeon: Red Rescue Team,"['Role-Playing', 'Console-style RPG']"
Mario Hoops: 3 on 3,"['Sports', 'Traditional', 'Team', 'Basketball', 'Arcade', 'Arcade']"
Star Fox Command,"['Action', 'Simulation', 'Shooter', 'Flight', 'Shooter', 'Third-Person', 'Combat', 'Sci-Fi', 'Sci-Fi', 'Arcade']"
Tenchu: Dark Secret,"['Action Adventure', 'Historic', 'General', 'Historic']"
Sudoku Gridmaster,"['Miscellaneous', 'Puzzle', 'Puzzle', 'Puzzle', 'Logic', 'Logic']"
Big Brain Academy,"['Miscellaneous', 'Edutainment', 'Edutainment']"
Magnetica,"['Miscellaneous', 'Puzzle', 'Puzzle', 'General', 'Puzzle', 'Matching', 'General']"
New Super Mario Bros.,"['Action', 'Platformer', 'Platformer', '2D', '2D']"
Brain Age: Train Your Brain in Minutes a Day!,"['Miscellaneous', 'Edutainment', 'Edutainment']"
Odama,"['Miscellaneous', 'Parlor', 'Pinball']"
Metroid Prime: Hunters,"['Action', 'Shooter', 'Shooter', 'First-Person', 'Sci-Fi', 'Sci-Fi', 'Arcade']"
Tetris DS,"['Miscellaneous', 'Puzzle', 'Puzzle', 'Puzzle', 'Stacking', 'Stacking']"
Pokemon Trozei!,"['Miscellaneous', 'Puzzle', 'Puzzle', 'Puzzle', 'Matching', 'Matching']"
Tales of Phantasia,"['Role-Playing', 'Console-style RPG']"
Super Princess Peach,"['Action', 'Platformer', 'Platformer', '2D', '2D']"
Chibi-Robo!,"['Action Adventure', 'Fantasy']"
Drill Dozer,"['Action', 'Platformer', '2D']"
True Swing Golf,"['Sports', 'Traditional', 'Individual', 'Golf', 'Arcade', 'Arcade', 'Sim']"
Electroplankton,
Final Fantasy IV Advance,"['Role-Playing', 'Console-style RPG']"
Animal Crossing: Wild World,
Super Mario Strikers,"['Sports', 'Traditional', 'Soccer', 'Arcade']"
Mario Tennis: Power Tour,"['Sports', 'Traditional', 'Tennis']"
Mario & Luigi: Partners in Time,"['Role-Playing', 'Console-style RPG', 'Console-style RPG', 'Japanese-Style']"
Dr. Mario / Puzzle League,"['Miscellaneous', 'Puzzle', 'Matching']"
Mario Kart DS,"['Driving', 'Racing', 'Arcade', 'Kart', 'Kart', 'Automobile']"
Mario Party 7,"['Miscellaneous', 'Party']"
Donkey Kong Country 3,"['Action', 'Platformer', '2D']"
Metroid Prime Pinball,"['Action', 'Miscellaneous', 'Parlor', 'Pinball', 'Pinball']"
Nintendogs: Best Friends,"['Simulation', 'Miscellaneous', 'Virtual Life', 'Virtual Life', 'Virtual', 'Pet']"
Dance Dance Revolution: Mario Mix,"['Miscellaneous', 'Rhythm', 'Dancing']"
Fire Emblem: Path of Radiance,"['Strategy', 'Turn-Based', 'Fantasy']"
Pokemon XD: Gale of Darkness,"['Role-Playing', 'Console-style RPG']"
Trace Memory,"['Adventure', 'General', 'General', 'Point-and-Click']"
Battalion Wars,"['Action', 'Shooter', 'Third-Person', 'Modern']"
DK: King of Swing,"['Action', 'Platformer', '2D']"
Mario Superstar Baseball,"['Sports', 'Traditional', 'Baseball', 'Arcade']"
Dynasty Warriors Advance,"['Action', ""Beat-'Em-Up""]"
Advance Wars: Dual Strike,"['Strategy', 'Turn-Based', 'Modern', 'Modern', 'Tactics']"
Nintendogs: Chihuahua & Friends,"['Simulation', 'Miscellaneous', 'Virtual Life', 'Virtual Life', 'Virtual', 'Pet']"
Nintendogs: Dachshund & Friends,"['Simulation', 'Miscellaneous', 'Virtual Life', 'Virtual Life', 'Virtual', 'Pet']"
Nintendogs: Lab & Friends,"['Simulation', 'Miscellaneous', 'Virtual Life', 'Virtual Life', 'Virtual', 'Pet']"
Geist,"['Action', 'Shooter', 'First-Person', 'Sci-Fi']"
Meteos,"['Miscellaneous', 'Puzzle', 'Puzzle', 'Puzzle', 'Matching', 'Matching']"
Kirby: Canvas Curse,"['Action', 'Platformer', 'Platformer', '2D', '2D']"
Yoshi Topsy-Turvy,"['Action', 'Platformer', '2D']"
Fire Emblem: The Sacred Stones,"['Strategy', 'Turn-Based', 'Fantasy']"
WarioWare: Twisted!,"['Miscellaneous', 'Puzzle', 'General']"
Donkey Konga 2,"['Miscellaneous', 'Rhythm', 'Music']"
Pokemon Emerald Version,
Polarium,
Mario Party Advance,"['Miscellaneous', 'Party']"
Yoshi Touch & Go,"['Action', 'Platformer', 'Platformer', '2D', '2D']"
Pokemon Dash,"['Driving', 'Racing', 'Arcade', 'On-foot', 'Other', 'On-foot']"
Donkey Kong Jungle Beat,"['Action', 'Platformer', '2D']"
WarioWare: Touched!,"['Miscellaneous', 'Puzzle', 'Puzzle', 'General', 'Puzzle', 'Party / Minigame', 'General']"
Star Fox: Assault,"['Action', 'Shooter', 'Third-Person', 'Sci-Fi']"
The Legend of Zelda: The Minish Cap,"['Action Adventure', 'Fantasy']"
Mario Party 6,"['Miscellaneous', 'Party']"
Final Fantasy I & II: Dawn of Souls,"['Role-Playing', 'Console-style RPG']"
PictoChat,"['Miscellaneous', 'General', 'Application']"
Super Mario 64 DS,"['Action', 'Platformer', 'Platformer', '3D', '3D']"
Nintendo DS,"['Hardware', 'Console']"
Metroid Prime: Hunters - First Hunt,"['Action', 'Shooter', 'First-Person', 'Arcade']"
Metroid Prime 2: Echoes,"['Action', 'Shooter', 'First-Person', 'Sci-Fi']"
Donkey Kong Country 2,"['Action', 'Platformer', '2D']"
Mario Power Tennis,"['Sports', 'Traditional', 'Tennis']"
Classic NES Series: Dr. Mario,"['Miscellaneous', 'Puzzle', 'Matching']"
Classic NES Series: Castlevania,"['Action', 'Platformer', '2D']"
Classic NES Series: Zelda II: The Adventure of Link,"['Role-Playing', 'Action RPG']"
Classic NES Series: Metroid,"['Action Adventure', 'Sci-Fi']"
Kirby & the Amazing Mirror,"['Action', 'Platformer', '2D']"
Paper Mario: The Thousand-Year Door,"['Role-Playing', 'Console-style RPG']"
Mario Pinball Land,"['Miscellaneous', 'Parlor', 'Pinball']"
Donkey Konga,"['Miscellaneous', 'Rhythm', 'Music']"
F-Zero GP Legend,"['Driving', 'Racing', 'Futuristic']"
Pokemon FireRed Version,"['Role-Playing', 'Console-style RPG']"
Pokemon LeafGreen Version,"['Role-Playing', 'Console-style RPG']"
Pikmin 2,"['Strategy', 'Real-Time', 'Fantasy']"
Hamtaro: Ham-Ham Games,"['Sports', 'General']"
Pokemon Box: Ruby and Sapphire,"['Miscellaneous', 'General']"
Mario Golf: Advance Tour,"['Sports', 'Traditional', 'Golf', 'Sim']"
The Legend of Zelda: Four Swords Adventures,"['Action Adventure', 'Fantasy']"
Classic NES Series: Ice Climber,"['Action', 'Platformer', '2D']"
Classic NES Series: Excitebike,"['Driving', 'Racing', 'Arcade']"
Classic NES Series: Super Mario Bros.,"['Action', 'Platformer', '2D']"
Classic NES Series: The Legend of Zelda,"['Role-Playing', 'Action RPG']"
Classic NES Series: Donkey Kong,"['Action', 'Platformer', '2D']"
Classic NES Series: Pac-Man,"['Miscellaneous', 'Puzzle', 'General']"
Mario vs. Donkey Kong,"['Action', 'Platformer', '2D']"
Custom Robo,"['Action', 'Fighting', '3D']"
"WarioWare, Inc.: Mega Party Game$!","['Miscellaneous', 'Puzzle', 'General']"
Pokemon Colosseum,"['Role-Playing', 'Console-style RPG']"
Final Fantasy Crystal Chronicles,"['Role-Playing', 'Action RPG']"
Metroid: Zero Mission,"['Action', 'Platformer', '2D']"
Pac-Man vs.,"['Miscellaneous', 'Puzzle', 'General']"
1080: Avalanche,"['Sports', 'Alternative', 'Snowboarding']"
Sword of Mana,"['Role-Playing', 'Action RPG']"
Pokemon Channel,"['Adventure', 'First-Person', 'Fantasy']"
Mario Kart: Double Dash!!,"['Driving', 'Racing', 'Kart']"
Mario & Luigi: Superstar Saga,"['Role-Playing', 'Console-style RPG']"
The Legend of Zelda Collector's Edition,"['Action Adventure', 'Fantasy']"
Mario Party 5,"['Miscellaneous', 'Party']"
Fire Emblem,"['Strategy', 'Turn-Based', 'Fantasy']"
Top Gear Rally,"['Driving', 'Racing', 'Rally / Offroad']"
Super Mario Advance 4: Super Mario Bros. 3,"['Action', 'Platformer', '2D']"
Kirby Air Ride,"['Driving', 'Racing', 'Kart']"
Final Fantasy Tactics Advance,"['Strategy', 'Turn-Based', 'Fantasy']"
F-Zero GX,"['Driving', 'Racing', 'Futuristic']"
Pokemon Pinball: Ruby & Sapphire,"['Miscellaneous', 'Parlor', 'Pinball']"
Mario Golf: Toadstool Tour,"['Sports', 'Traditional', 'Golf', 'Arcade']"
Wario World,"['Action', 'Platformer', '3D']"
Advance Wars 2: Black Hole Rising,"['Strategy', 'Turn-Based', 'Sci-Fi']"
Donkey Kong Country,"['Action', 'Platformer', '2D']"
"WarioWare, Inc.: Mega Microgame$!","['Miscellaneous', 'Puzzle', 'General']"
Golden Sun: The Lost Age,"['Role-Playing', 'Console-style RPG']"
Hamtaro: Ham Ham Heartbreak,"['Action', 'General']"
The Legend of Zelda: The Wind Waker,"['Action Adventure', 'Fantasy']"
Pokemon Ruby Version,"['Role-Playing', 'Console-style RPG']"
The Legend of Zelda: Ocarina of Time / Master Quest,"['Action Adventure', 'Fantasy']"
The Legend of Zelda: A Link to the Past,"['Action Adventure', 'Fantasy']"
Kirby: Nightmare in Dream Land,"['Action', 'Platformer', '2D']"
Metroid Prime,"['Action', 'Shooter', 'First-Person', 'Sci-Fi']"
Metroid Fusion,"['Action Adventure', 'Sci-Fi']"
Cubivore: Survival of the Fittest,"['Miscellaneous', 'Puzzle', 'General']"
Game & Watch Gallery 4,"['Miscellaneous', 'Compilation']"
Mario Party 4,
Yoshi's Island: Super Mario Advance 3,"['Action', 'Platformer', '2D']"
Star Fox Adventures,
Animal Crossing,"['Miscellaneous', 'Virtual Life']"
Super Mario Sunshine,"['Action', 'Platformer', '3D']"
Disney's Magical Mirror Starring Mickey Mouse,"['Adventure', 'Third-Person', 'Fantasy']"
Disney's Magical Quest,"['Action', 'Platformer', '2D']"
Eternal Darkness: Sanity's Requiem,"['Action Adventure', 'Horror']"
Super Mario World: Super Mario Advance 2,"['Action', 'Platformer', '2D']"
NBA Courtside 2002,"['Sports', 'Traditional', 'Basketball', 'Sim']"
Super Smash Bros. Melee,"['Action', 'Fighting', '3D']"
Pikmin,"['Strategy', 'Real-Time', 'Fantasy']"
Wario Land 4,"['Action', 'Platformer', '2D']"
Wave Race: Blue Storm,"['Driving', 'Racing', 'Snow / Water']"
Luigi's Mansion,"['Action Adventure', 'Fantasy']"
Golden Sun,"['Role-Playing', 'Console-style RPG']"
Advance Wars,"['Strategy', 'Turn-Based', 'Modern']"
Mario Kart Super Circuit,"['Driving', 'Racing', 'Kart']"
F-Zero: Maximum Velocity,"['Driving', 'Racing', 'Futuristic']"
Super Mario Advance,"['Action', 'Platformer', '2D']"
Mario Party 3,"['Miscellaneous', 'Party']"
Dr. Mario 64,"['Miscellaneous', 'Puzzle', 'Matching']"
Pokemon Stadium 2,"['Strategy', 'General']"
Paper Mario,"['Role-Playing', 'Console-style RPG']"
Banjo-Tooie,"['Action', 'Platformer', '3D']"
Mickey's Speedway USA,"['Driving', 'Racing', 'Kart']"
"Hey You, Pikachu!","['Adventure', 'General']"
The Legend of Zelda: Majora's Mask,"['Action Adventure', 'Fantasy']"
Pokemon Puzzle League,"['Miscellaneous', 'Puzzle', 'Matching']"
Mario Tennis,"['Sports', 'Traditional', 'Tennis']"
Kirby 64: The Crystal Shards,
Starcraft 64,"['Strategy', 'Real-Time', 'Sci-Fi']"
Perfect Dark,"['Action', 'Shooter', 'First-Person', 'Sci-Fi']"
Excitebike 64,"['Driving', 'Racing', 'Motorcycle', 'Motocross']"
Ridge Racer 64,"['Driving', 'Racing', 'Arcade']"
Mario Golf,"['Sports', 'Traditional', 'Golf', 'Arcade']"
Pokemon Snap,"['Action', 'General']"
Super Smash Bros.,"['Action', 'Fighting', '3D']"
Mario Party,"['Miscellaneous', 'Party']"
The Legend of Zelda: Ocarina of Time,"['Action Adventure', 'Fantasy']"
F-Zero X,"['Driving', 'Racing', 'Futuristic']"
Banjo-Kazooie,"['Action', 'Platformer', '3D']"
Yoshi's Story,"['Action', 'Platformer', '2D']"
Diddy Kong Racing,"['Driving', 'Racing', 'Kart']"
GoldenEye 007,"['Action', 'Shooter', 'First-Person', 'Modern']"
Star Fox 64,"['Action', 'Shooter', 'Rail']"
Blast Corps,"['Action', 'General']"
Mario Kart 64,"['Driving', 'Racing', 'Kart']"
Wave Race 64,"['Driving', 'Racing', 'Snow / Water']"
Pilotwings 64,"['Simulation', 'General']"
Super Mario 64,"['Action', 'Platformer', '3D']"
Project H.A.M.M.E.R.,"['Action', ""Beat-'Em-Up"", ""Beat-'Em-Up"", '2D']"
DS Air,"['Simulation', 'Flight', 'Modern Jet', 'Combat']"
Line Attack Heroes,"['Action', 'General', 'General']"
Wii U Play,"['Miscellaneous', 'Party', 'Party / Minigame']"
Measure Up,"['Miscellaneous', 'General', 'General']"
Make 10,"['Miscellaneous', 'Puzzle', 'Puzzle', 'Logic', 'Logic']"
ASH: Archaic Sealed Heat,"['Role-Playing', 'Strategy', 'Turn-Based', 'General', 'General', 'Fantasy', 'Tactics']"
Nintendo Letterbox,"['Miscellaneous', 'General', 'General', 'Application']"
Art Academy: Lessons for Everyone,"['Miscellaneous', 'Edutainment', 'Edutainment']"
Wii Karaoke U,"['Action', 'Miscellaneous', 'Rhythm', 'Music', 'Music']"
Art Academy,"['Miscellaneous', 'Edutainment']"
Project Giant Robot,"['Action', 'Simulation', 'Fighting', 'Vehicle', '3D', 'Combat']"
Zero: Tsukihami no Kamen,"['Action Adventure', 'Horror', 'Survival']"
Blast Ball,"['Sports', 'General']"
Pikmin 4,"['Strategy', 'Real-Time', 'General']"
FAST Racing Neo,"['Racing', 'Arcade', 'Futuristic']"
Seasons of Heaven,"['Action Adventure', 'Survival']"
Metroid Prime 4,"['Action', 'Shooter', 'First-Person', 'Arcade']"
Bayonetta 3,"['Action Adventure', 'Linear']"
The Legend of Zelda: Breath of the Wild Sequel,"['Action Adventure', 'Open-World']"
Yo-kai Watch 4,"['Role-Playing', 'Trainer']"
Pokemon Sleep,"['Role-Playing', 'Miscellaneous', 'Application', 'Trainer']"
New Pokemon Snap,"['Action', 'Shooter', 'Rail']"
